overlook,/ˌoʊvərˈlʊk/,"간과하다 <중요성을 파악하지 못하거나, 큰 관심 없이 대충 보아 넘기다>",It's easy to overlook small errors when you're rushing.
ungodly,/ʌnˈɡɑdli/,"과도한, 터무니없는, 엄청난 <명사 앞에만 씀>",She called me at an ungodly hour of the morning.
let ~ out,,"(울음소리, 신음소리 등을) 내다",She let out a scream when she saw the spider.
hack,/hæk/,"(마구, 거칠게) ~을 자르다, 베다, 난도질하다",He hacked the branches off the tree with a machete.
hack,/hæk/,비법,This kitchen hack saves me ten minutes every morning.
rhinoceros,/raɪˈnɑsərəs/,코뿔소,A rhinoceros charged across the dusty African plain.
abduction,/æbˈdʌkʃən/,유괴,The police investigated the child's abduction for months.
perspiration,/ˌpɜrspəˈreɪʃən/,땀,Perspiration dripped down his face during the workout.
wreck,/rɛk/,"(육체적, 정신적으로) 망가진 사람, 만신창이","After the exams, I was a complete nervous wreck."
wreck,/rɛk/,난파시키다,The storm wrecked several boats along the coast.
revolting,/rɪˈvoʊltɪŋ/,"혐오스러운, 역겨운",The smell coming from the fridge was absolutely revolting.
indifference,/ɪnˈdɪfərəns/,"(~에 대한) 무관심, 무심",Her indifference to the news surprised everyone in the room.
immersion,/ɪˈmɜrʒən/,몰입 교육 <교육학 용어. 모국어를 배제하고 학습 중인 언어로만 수업하는 방식>,Language immersion helped her become fluent in just one year.
could have sworn,,"분명히 ~ 했었던 것 같은데, 확실히 ~ 했었는데 <사실은 그렇지 않을 때>",I could have sworn I locked the door before leaving.
be going to ~,,"~해라, ~해야 하다 <명령할 때 쓰는 표현>",You are going to apologize to your sister right now.
timid,/ˈtɪmɪd/,"소심한, 용기가 없는, 자신감이 없는",The timid puppy hid behind the couch when guests arrived.
rip,/rɪp/,"(빠르고 거칠게) 뜯어내다, 떼어 내다",He ripped the wrapping paper off the gift eagerly.
rip,/rɪp/,"(갑자기, 거칠게) 찢다",She ripped the letter in half without reading it.
sarcastic,/sɑrˈkæstɪk/,"빈정대는, 비꼬는",His sarcastic comment made everyone at the table laugh.
intimidated,/ɪnˈtɪmɪˌdeɪtɪd/,"겁먹은, 겁을 내는, 위축된, 주눅 든 <주로 서술적 용법으로 씀>",She felt intimidated by the size of the crowd.
candidly,/ˈkændɪdli/,"솔직히, 숨김없이",He spoke candidly about his struggles with anxiety.
flee,/fli/,"달아나다, 도망치다 <자동사>",The villagers had to flee from the approaching wildfire.
prehistoric,/ˌprihɪˈstɔrɪk/,선사 시대의,Archaeologists discovered prehistoric tools inside the cave.
collective intelligence,/kəˌlɛktɪv ɪnˈtɛlɪdʒəns/,집단 지성,Wikipedia is a great example of collective intelligence at work.
impede,/ɪmˈpid/,"(진행을) 방해하다, 지연시키다",Heavy snow impeded the rescue team's progress up the mountain.
pertinent,/ˈpɜrtɪnənt/,"(~와) 직접적인 관련이 있는, 적절히 관련된 <격식>",Please include only pertinent information in your report.
assailant,/əˈseɪlənt/,"(특히 신체적) 공격을 가한 사람, 폭행범 <격식>",The victim could not identify her assailant in the dark.
meteor,/ˈmitiər/,"유성, 별똥별",We watched a bright meteor streak across the night sky.
glimpse,/ɡlɪmps/,"힐끗 보다, 언뜻 보다",I only glimpsed her face before she disappeared into the crowd.
advent,/ˈædvɛnt/,"도래, 출현",The advent of smartphones changed how we communicate forever.
eradicate,/ɪˈrædɪˌkeɪt/,"근절하다, 뿌리뽑다",Scientists hope to eradicate malaria within a few decades.
sacred,/ˈseɪkrɪd/,"신성시되는, 신성불가침의","In their culture, hospitality is considered a sacred duty."
sacred,/ˈseɪkrɪd/,"성스러운, 신성한",The temple is a sacred site for millions of pilgrims.
only,/ˈoʊnli/,"(시간, 상황이) ~가 되어서야",It was only after midnight that he finally came home.
giggle,/ˈɡɪɡəl/,"피식 웃음, 킥킥거림, 낄낄거림",The children broke into a giggle during the quiet ceremony.
laxative,/ˈlæksətɪv/,"완하제 <배변을 쉽게 하는 약, 음식, 음료>",The doctor prescribed a mild laxative for her constipation.
reed,/rid/,갈대,Tall reeds swayed gently along the edge of the pond.
trespass,/ˈtrɛspəs/,"(~을) 위반하다, 어기다, 죄를 범하다 <고어>",Forgive us as we forgive those who trespass against us.
trespass,/ˈtrɛspəs/,(~에) 무단 침입하다,The hikers were fined for trespassing on private property.
stick,/stɪk/,"(보통 뾰족한 것을) 찌르다, 박다",The nurse stuck the needle gently into my arm.
ditch,/dɪtʃ/,"버리다, 포기하다",They decided to ditch the plan and start over completely.
ditch,/dɪtʃ/,(사람을) 따돌리다 <같이 놀기로 해 놓고 일방적으로 약속을 어기고 가버리다>,He ditched his friends to hang out with someone cooler.
take each day as it comes,,(미래를 걱정하지 않고) 그날그날을 충실히 살다,"Since the diagnosis, she just tries to take each day as it comes."
garnish,/ˈɡɑrnɪʃ/,(요리에) 고명을 얹다,The chef garnished the plate with a sprig of parsley.
in retrospect,,돌이켜 생각해 보면 <과거의 생각이 잘못된 것이었다는 것을 깨달았을 때>,"In retrospect, I should have accepted that job offer."
speech recognition,/ˌspitʃ ˌrɛkəɡˈnɪʃən/,음성 인식 <무엇을 말하는지 컴퓨터로 인식하는 기술>,Speech recognition software now transcribes meetings almost perfectly.
nausea,/ˈnɔziə/,"욕지기, 메스꺼움",A wave of nausea hit her as the boat rocked.
spook out,,놀라게 하다,The abandoned hospital spooked us out completely.
frustration,/frʌsˈtreɪʃən/,"짜증, 분노, 좌절감, 불만 <원하는 걸 할 수 없을 때 드는 불쾌한 감정>",He slammed the door in frustration after the argument.
beloved,/bɪˈlʌvɪd/,"(대단히) 사랑하는, 사랑받는 <명사 앞에만 씀. 격식 있는 표현>",She dedicated the book to her beloved grandmother.
crush,/krʌʃ/,"눌러 부수다, 으스러뜨리다, 짜부라뜨리다",He crushed the empty can with one hand.
crush,/krʌʃ/,"반한 상대, 푹 빠져있는 대상",She's had a crush on him since high school.
accuse,/əˈkjuz/,비난하다,They accused him of stealing money from the register.
homophobic,/ˌhoʊməˈfoʊbɪk/,"동성애 공포증의, 동성애 혐오의",The comedian was criticized for his homophobic remarks.
peer pressure,/ˈpɪr ˌprɛʃər/,동료 집단으로부터 받는 사회적 압력,Many teenagers start smoking because of peer pressure.
verdict,/ˈvɜrdɪkt/,(배심원단의) 평결,The jury reached a guilty verdict after three days.
bland,/blænd/,"특징 없는, 단조로운",The movie was bland and forgettable from start to finish.
bland,/blænd/,(맛이) 싱거운,"The soup tasted bland, so I added more salt."
screw,/skru/,"~를 속이다, ~에게 바가지를 씌우다 <속어>",That mechanic totally screwed me on the repair bill.
screw,/skru/,나사로 고정시키다,He screwed the shelf firmly onto the wall.
sinister,/ˈsɪnɪstər/,사악한,There was something sinister about his quiet smile.
dangle ~ in front of ~,,"~에게 ~을 제시하다, ~를 ~으로 유혹하다",They dangled a huge bonus in front of the employees.
sluggish,/ˈslʌɡɪʃ/,"굼뜬, 느릿느릿 움직이는, 부진한",I always feel sluggish after eating a big lunch.
open fire,,"공격을 시작하다, 총격을 시작하다",The soldiers opened fire as soon as the enemy appeared.
presumably,/prɪˈzuməbli/,"아마, 짐작건대","He's not answering, so he's presumably still asleep."
texture,/ˈtɛkstʃər/,"(물체를 손으로 만졌을 때 느껴지는) 감촉, 질감",I love the soft texture of this cashmere sweater.
texture,/ˈtɛkstʃər/,"(음식이 입 안에서 느껴지는) 식감, 질감","The cake had a light, fluffy texture that melted instantly."
mucus,/ˈmjukəs/,(코 등에서 나오는) 점액,A cold usually produces a lot of mucus in your nose.
indigenous,/ɪnˈdɪdʒənəs/,"원산의, 토착의",Kangaroos are indigenous to the continent of Australia.
suffocate,/ˈsʌfəˌkeɪt/,"질식시키다, 질식시켜 죽이다",The thick smoke nearly suffocated the trapped residents.
untangle,/ʌnˈtæŋɡəl/,(엉킨 것을) 풀다,It took ages to untangle the knotted headphone wires.
ingenious,/ɪnˈdʒinjəs/,"매우 독창적인, 기발한",She came up with an ingenious solution to the problem.
unprecedented,/ʌnˈprɛsɪˌdɛntɪd/,"전례 없는, 미증유의",The pandemic caused unprecedented disruption to global travel.
carbohydrate,/ˌkɑrboʊˈhaɪdreɪt/,"탄수화물, 탄수화물 식품",Bread and pasta are rich in carbohydrates.
nurture,/ˈnɜrtʃər/,"(희망, 야망, 믿음 등을 마음속으로) 키우다",She nurtured a secret dream of becoming a painter.
nurture,/ˈnɜrtʃər/,"(화초나 풀밭 등을) 가꾸다, 보살피다",He carefully nurtured the young seedlings in his garden.
nurture,/ˈnɜrtʃər/,"양육, 육성, 양성",The debate over nature versus nurture continues today.
pediatrician,/ˌpidiəˈtrɪʃən/,소아과 의사,We took our newborn to the pediatrician for a checkup.
coherent,/koʊˈhɪrənt/,"일관성 있는, 논리 정연한, 조리 있는",The essay lacked a coherent argument from beginning to end.
coherent,/koʊˈhɪrənt/,(사람이) 조리 있게 말하는,He was too drunk to give a coherent answer.
wasted,/ˈweɪstɪd/,(술 또는 마약에) 엄청나게 취한 <엄청나게 취해 제정신이 아닌 상태>,He got completely wasted at the party last night.
stork,/stɔrk/,황새,A stork built its nest on top of the chimney.
destitute,/ˈdɛstɪˌtut/,"극빈한, 궁핍한",The war left thousands of families completely destitute.
avenue,/ˈævəˌnu/,"(목적을 이룰) 길, 방안, 수단",We explored every avenue before deciding to sell the house.
spur,/spɜr/,(말에) ~에 박차를 가하다,The rider spurred his horse into a full gallop.
avocation,/ˌævoʊˈkeɪʃən/,취미,"Painting is his avocation, though he works as an accountant."
punctuation,/ˌpʌŋktʃuˈeɪʃən/,"구두점 사용, 구두법",Correct punctuation makes your writing much easier to read.
flashback,/ˈflæʃˌbæk/,"(영화, 연극 등에서) 회상 장면",The film uses a flashback to reveal the hero's childhood.
birth defect,/ˈbɜrθ dɪˌfɛkt/,"선천적 장애, 선천적 결손증",Doctors detected the birth defect during a routine ultrasound.
cornstarch,/ˈkɔrnˌstɑrtʃ/,"옥수수 전분, 옥수수 녹말",Add a little cornstarch to thicken the sauce.
make-up game,/ˈmeɪkʌp ˌɡeɪm/,재경기 <스포츠에서 악천후 등의 사정으로 연기되어 재편성된 경기>,The rained-out match was rescheduled as a make-up game on Tuesday.
mitten,/ˈmɪtən/,"벙어리장갑, 손모아장갑",She knitted a pair of woolen mittens for her son.
autocomplete,/ˈɔtoʊkəmˌplit/,자동 완성 기능,The autocomplete feature guessed my email address instantly.
On your mark!,,(경주에서) 제자리에!,"On your mark, get set, go!"
dime,/daɪm/,땡전 한 푼 <부정문에 씀>,I won't pay a single dime for such terrible service.
bridal,/ˈbraɪdəl/,"신부의, 결혼식의",She looked stunning in her elegant white bridal gown.
dwindle,/ˈdwɪndəl/,(점점) 줄어들다,Their savings slowly dwindled during the long recession.
lead,/lid/,"(특정한 방식의 삶을) 살다, 영위하다","After retiring, they lead a quiet life in the countryside."
lead,/lid/,"실마리, 단서",Detectives followed every lead in the murder case.
shatter,/ˈʃætər/,"산산이 부수다, 산산조각 내다",The glass vase shattered into a thousand pieces on the floor.
faucet,/ˈfɔsɪt/,수도꼭지,Please turn off the faucet so water doesn't waste.
concession,/kənˈsɛʃən/,"양보, 양해",Neither side was willing to make any concession during talks.
warmth,/wɔrmθ/,온기,We gathered near the fire for its comforting warmth.
autocratic,/ˌɔtəˈkrætɪk/,"독재의, 독재적인",The manager's autocratic style discouraged any team input.
viable,/ˈvaɪəbəl/,(생물이) 생존 가능한,The premature baby was born barely viable but survived.
viable,/ˈvaɪəbəl/,실행 가능한,Solar power is now a viable alternative to fossil fuels.
wane,/weɪn/,"약해지다, 줄어들다, 시들해지다",Public interest in the show began to wane after season three.
crotch,/krɑtʃ/,"가랑이, 사타구니",The jeans ripped right at the crotch when he bent down.
fungus,/ˈfʌŋɡəs/,"균류, 곰팡이류",A strange fungus was growing on the damp bathroom wall.
felony,/ˈfɛləni/,"중죄, 중범죄, 흉악 범죄",He was convicted of a felony and sentenced to prison.
puke,/pjuk/,토하다,The sick child puked all over the kitchen floor.
from time to time,,"가끔, 이따금",We still meet for coffee from time to time.
substantial,/səbˈstænʃəl/,"(양, 가치, 중요성이) 상당한",The company reported a substantial profit this quarter.
goopy,/ˈɡupi/,"끈적거리는, 끈적끈적한 <속어>",The kids covered their hands in goopy slime.
desperate,/ˈdɛspərɪt/,"~을 간절히 필요로 하는, 간절히 원하는","After the long hike, we were desperate for water."
desperate,/ˈdɛspərɪt/,"절박한, 절실한",He made a desperate attempt to save the drowning dog.
setting,/ˈsɛtɪŋ/,"(연극, 소설 등의) 배경",The novel's setting is a small town in the 1950s.
what ~ like,,"(상태, 형편, 사람이) 어떠한가",What is your new apartment like?
sensational,/sɛnˈseɪʃənəl/,"세상을 놀라게 할 만한, 선풍적인, 돌풍을 일으키는 <엄청난 관심을 끄는>",The young singer made a sensational debut on national television.
rehash,/ˈriˌhæʃ/,재탕하다 <많이 바꾸거나 개선하지 않고 그대로 재사용하다>,The sequel just rehashed the same tired jokes.
disorient,/dɪsˈɔriɛnt/,~의 방향 감각을 잃게 하다,The thick fog disoriented the hikers completely.
GPA,/ˌdʒi pi ˈeɪ/,평균 평점 <각 과목의 성적 평점을 평균한 것. grade point average>,She maintained a perfect GPA throughout college.
cap and trade,,탄소배출권 거래제,The government introduced a cap and trade system to cut emissions.
fix-up,/ˈfɪksˌʌp/,"소개팅, 맞선",My friend arranged a fix-up with her coworker.
palpable,/ˈpælpəbəl/,"뚜렷한, 감지할 수 있는, 손에 만져질 듯한",The tension in the courtroom was almost palpable.
whichever,/wɪˈtʃɛvər/,"어느 것이든, 어느 것을 ~하든",Choose whichever dessert you like best.
just in case,,"만약을 대비해서, 혹시 모르니까",Bring an umbrella just in case it rains later.
overall,/ˌoʊvərˈɔl/,"대체로, 전반적으로","Overall, the trip was a wonderful experience."
dirt,/dɜrt/,"좋지 않은 정보, 추문",The reporter dug up some dirt on the senator.
in a hurry,,"바쁜, 급한 <형용사적 용법>",She was in a hurry and forgot her keys.
clergy,/ˈklɜrdʒi/,(특히 기독교의) 성직자들,Members of the clergy led the community in prayer.
debacle,/dɪˈbɑkəl/,"대실패, 큰 낭패",The product launch turned into a complete debacle.
try one's hand,,(새로운 것을 처음으로) (~을) 시도해보다,She decided to try her hand at pottery this summer.
horde,/hɔrd/,"(사람의) 떼, 무리, 패, 군중 <부정적인 어감으로 쓰는 경우가 많음>",A horde of tourists crowded around the famous statue.
trait,/treɪt/,(성격상의) 특성,Patience is an important trait in a good teacher.
imperative,/ɪmˈpɛrətɪv/,"명령법, 명령형, 명령문 <문법 용어>","In grammar, the imperative is used to give commands."
imperative,/ɪmˈpɛrətɪv/,"의무, 책무",Protecting the environment is a moral imperative for us all.
submissive,/səbˈmɪsɪv/,"순종적인, 고분고분한",The dog rolled over in a submissive gesture.
harness,/ˈhɑrnɪs/,"(동력원 등으로) 이용하다, 활용하다",Engineers found new ways to harness solar energy efficiently.
dust,/dʌst/,(천 등으로) 먼지를 닦다 <자동사>,She dusted carefully around the fragile ornaments.
what if ~?,,"~면 어쩌지?, ~라면 어떻게 될까?",What if we miss the last train home?
what if ~?,,(제안을 나타내어) ~하면 어떨까?,What if we ordered pizza instead of cooking tonight?
amend,/əˈmɛnd/,"(법 등을) 개정하다, 수정하다",Congress voted to amend the outdated law.
pluck,/plʌk/,"(머리카락, 눈썹 등을) 뽑다",She plucked her eyebrows carefully in front of the mirror.
cryptic,/ˈkrɪptɪk/,"수수께끼 같은, 아리송한",He left a cryptic note that no one could understand.
submit,/səbˈmɪt/,"(~에) 굴복하다, (~에) 복종하다, (~을) 감수하다",They refused to submit to the dictator's demands.
take,/teɪk/,"장악하다, 차지하다, 잡다",The rebels took control of the capital overnight.
take,/teɪk/,"필요하다, 필요로 한다, 있어야 하다 <주어로 사람은 올 수 없음>",It takes a lot of patience to raise a toddler.
prosperity,/prɑˈspɛrɪti/,"번영, 번성, 번창",The nation enjoyed decades of peace and prosperity.
put ~ off,,"미루다, 연기하다",Don't put off your homework until the last minute.
resume,/rɪˈzum/,"재개하다, 다시 시작하다",They resumed the meeting after a short coffee break.
intoxicated,/ɪnˈtɑksɪˌkeɪtɪd/,"(술, 마약에) 취한",He was clearly intoxicated when the police stopped him.
intoxicated,/ɪnˈtɑksɪˌkeɪtɪd/,"도취된, 몹시 들뜬",She was intoxicated by the thrill of her first success.
nocturnal,/nɑkˈtɜrnəl/,(동물이) 야행성의,Owls are nocturnal creatures that hunt at night.
presidency,/ˈprɛzɪdənsi/,"대통령직, 대통령 임기, 회장직, 회장 임기",His presidency was marked by major economic reforms.
drastic,/ˈdræstɪk/,"(주로 변화가) 급격한, 격렬한",The company made drastic cuts to reduce its debts.
stunt,/stʌnt/,"(성장을) 방해하다, 발달을 저해하다",Poor nutrition can stunt a child's growth.
stunt,/stʌnt/,이목을 끄는 행동,The marketing stunt attracted thousands of curious onlookers.
put ~ foot down,,"결연한 태도를 취하다, 단호히 반대하다",Mom finally put her foot down about the late-night parties.
break ~ in,,(특히 새 신을) 길을 들이다,It took a week to break in my new hiking boots.
sidekick,/ˈsaɪdˌkɪk/,조수,Every superhero needs a loyal sidekick by his side.
giveaway,/ˈɡɪvəˌweɪ/,"(제품의 홍보 목적으로 끼워 주는) 증정품, 경품",The store offered a free giveaway with every purchase.
in one's book,,~의 기준에는,"In my book, honesty is the most important quality."
since,/sɪns/,(의문문으로) 언제부터,Since when do you enjoy waking up early?
brainwash,/ˈbreɪnˌwɑʃ/,세뇌시키다,The cult tried to brainwash its new members.
sign language,/ˈsaɪn ˌlæŋɡwɪdʒ/,"수어, 수화, 수화언어",She learned sign language to communicate with her deaf brother.
plain,/pleɪn/,"숨김없는, 솔직한, 있는 그대로의",Let me be plain with you about the risks involved.
plain,/pleɪn/,"이해하기 쉬운, 분명한","The instructions were written in plain, simple English."
annexation,/ˌænɛkˈseɪʃən/,(영토의) 합병,The annexation of the territory sparked international outrage.
psychotic,/saɪˈkɑtɪk/,"정신병의, 정신이상의",The patient suffered a psychotic episode and was hospitalized.
ignorant,/ˈɪɡnərənt/,"무지한, 무식한, 무학의",He remained completely ignorant of the danger he faced.
reciprocal,/rɪˈsɪprəkəl/,상호 간의,The two countries signed a reciprocal trade agreement.
recite,/rɪˈsaɪt/,"(열거하듯) 죽 말하다, 나열하다",He recited a long list of complaints about his job.
recite,/rɪˈsaɪt/,"암송하다, 낭송하다, 낭독하다",The student recited the poem beautifully from memory.
pose,/poʊz/,"(위험, 문제 등이) ~이 되다",The chemical spill poses a serious threat to wildlife.
deficiency,/dɪˈfɪʃənsi/,"(필수적인 것의) 결핍, 부족, 결핍증",A vitamin D deficiency can weaken your bones.
that's the way the cookie crumbles,,세상사가 다 그런 거야,"We lost the contract, but that's the way the cookie crumbles."
warfare,/ˈwɔrˌfɛr/,"전투, ~전, 전쟁",Modern warfare relies heavily on drones and technology.
objectionable,/əbˈdʒɛkʃənəbəl/,"불쾌한, 무례한 <격식 있는 표현>",The committee removed several objectionable passages from the book.
implicate,/ˈɪmplɪˌkeɪt/,(~에) ~가 연루되었음을 보여주다,The emails implicated several executives in the fraud scheme.
facilitate,/fəˈsɪlɪˌteɪt/,"가능하게 하다, 용이하게 하다, 쉽게 하다",A good moderator can facilitate a productive discussion.
formula,/ˈfɔrmjələ/,(아기들 먹이는) 분유,She fed the newborn formula every three hours.
take ~ out,,"~을 죽이다, ~을 없애다 <비격식>",The sniper was ordered to take out the target quietly.
disclose,/dɪsˈkloʊz/,(눈에 안 보이던 것을) 드러내다 <격식>,The curtain rose to disclose a beautifully decorated stage.
disclose,/dɪsˈkloʊz/,"밝히다, 공개하다, 폭로하다",The company refused to disclose its financial records.
pneumonia,/nuˈmoʊnjə/,폐렴,He was hospitalized with severe pneumonia last winter.
worsen,/ˈwɜrsən/,악화시키다,Her condition worsened rapidly during the night.
on the wane,,"줄어드는 중인, 시들해지는 중인",The politician's popularity is clearly on the wane.
knock ~ over,,쳐서 넘어뜨리다,The cat knocked over the vase and shattered it.
embarrass,/ɪmˈbærəs/,"당황스럽게 만들다, 어색하게 만들다, 부끄럽게 만들다, 곤란하게 만들다",He embarrassed her by telling that story in public.
devise,/dɪˈvaɪz/,"~을 생각해 내다, 창안하다, 고안하다",They devised a clever plan to increase sales.
assess,/əˈsɛs/,"가늠하다, 재다, 검토 평가하다",The teacher will assess each student's progress this month.
extent,/ɪkˈstɛnt/,"(크기, 중요성, 심각성 등의) 정도, 규모",The full extent of the damage was not yet known.
slip one's mind,,"잊어 버리다, 생각나지 않다","I meant to call you, but it slipped my mind."
acute,/əˈkjut/,"격심한, 극심한",She felt an acute pain in her lower back.
collarbone,/ˈkɑlərˌboʊn/,쇄골(鎖骨),He broke his collarbone falling off his bicycle.
comatose,/ˈkoʊməˌtoʊs/,혼수상태인 <의학 용어>,The patient remained comatose for several weeks after the crash.
illustration,/ˌɪləˈstreɪʃən/,"(무엇에 대한 진실을 보여주는) 실례, 예, 보기",Her story is a perfect illustration of hard work paying off.
dominant,/ˈdɑmɪnənt/,"우세한, 지배적인",The company holds a dominant position in the market.
pen,/pɛn/,(가축의) 우리,The farmer led the sheep back into their pen.
gourmet,/ɡɔːrˈmeɪ/,"미식가의, 미식가를 위한",She opened a gourmet restaurant featuring rare ingredients from around the world.
make a fuss,,"소란을 피우다, 호들갑 떨다",Please don't make a fuss over such a small mistake.
stand in,,"(~를) 대신하다, 대신 일을 봐 주다",Can you stand in for me at tomorrow's morning meeting?
brag,/bræɡ/,(~을) 자랑하다,He loves to brag about his expensive new sports car.
click,/klɪk/,"(~와) 마음이 통하다, 좋아하게 되다",We clicked instantly and became close friends within a week.
adrenaline,/əˈdrɛnəlɪn/,아드레날린 <부신 호르몬의 하나>,The sudden scare sent a rush of adrenaline through my body.
cut ~ short,,"~을 일찍 끝내다, 짧게 끝내다",We had to cut our vacation short because of the storm.
citation,/saɪˈteɪʃən/,"인용구, 인용문",The essay includes a citation from a famous philosopher.
deploy,/dɪˈplɔɪ/,"(군대, 무기를) 배치하다 <전문 용어>",The general decided to deploy troops along the northern border.
deploy,/dɪˈplɔɪ/,"(에어백 등이) 터지다, 전개되다",The airbags deploy instantly when the car detects a crash.
potent,/ˈpoʊtənt/,"(술, 약물, 오염물질 등이) 강한, 독한","This cough medicine is quite potent, so take only one spoonful."
chunk,/tʃʌŋk/,"큰 덩어리 <상당히 많은 양이나, 어떤 것의 큰 부분을 비유적으로 이르는 말>",A large chunk of my salary goes toward paying rent.
off the charts,,예상할 수 있는 범위를 훌쩍 뛰어 넘는,Ticket sales for the concert were completely off the charts.
stand,/stænd/,"(사안에 대해) 입장에 있다, 의견을 가지고 있다",Where do you stand on the new company policy?
wardrobe,/ˈwɔːrdroʊb/,"(한 개인이 가지고 있는) 소유 의상, 가진 옷",She spent a fortune updating her entire summer wardrobe.
wardrobe,/ˈwɔːrdroʊb/,옷장,He hung his coat neatly inside the bedroom wardrobe.
harsh,/hɑːrʃ/,"(날씨, 생활환경이) 혹독한",Farmers struggle to survive the harsh winters in this region.
harsh,/hɑːrʃ/,"가혹한, 냉혹한",His harsh criticism left the young writer feeling discouraged.
restore,/rɪˈstɔːr/,"(이전의 상황, 감정으로) 회복시키다",A good night's sleep helped restore my energy and mood.
swimmingly,/ˈswɪmɪŋli/,순조롭게,The project went swimmingly and we finished ahead of schedule.
squeeze,/skwiːz/,(좁은 곳에) 비집고 들어가다,She managed to squeeze into the crowded elevator before the doors closed.
belittle,/bɪˈlɪtl/,"하찮게 여기다, 업신여기다",He tends to belittle his coworkers to feel more important.
mumble,/ˈmʌmbl/,"중얼거리다, 웅얼웅얼 말하다",Please speak clearly and don't mumble during the presentation.
hang up on ~,,(통화 중에 갑자기) ~의 전화를 끊어 버리다,She got so angry that she hung up on me.
amoral,/eɪˈmɔːrəl/,도덕관념이 없는,The corrupt executive seemed completely amoral about his dishonest dealings.
murmur,/ˈmɜːrmər/,"속삭임, 소곤거림",A soft murmur spread through the audience before the show began.
shrug,/ʃrʌɡ/,(어깨를) 으쓱하다,He gave a careless shrug when I asked about his plans.
magnanimous,/mæɡˈnænɪməs/,"(적이나 경쟁자 등에게) 도량이 넓은, 너그러운","The champion was magnanimous in victory, praising his defeated rival."
get down,,"완전히 익히다, 완전히 익힐 때까지 연습하다",It took weeks to get down the complicated dance routine.
tremble,/ˈtrɛmbl/,"(신체 부위가) 떨리다, 몸을 떨다 <자동사>",Her hands began to tremble from the freezing cold wind.
tremble,/ˈtrɛmbl/,(목소리가) 떨리다,His voice started to tremble as he read the sad letter.
mash,/mæʃ/,(음식을) 으깨다,Mash the boiled potatoes until they are smooth and creamy.
fasting,/ˈfæstɪŋ/,"단식, 금식",Many people practice fasting for both religious and health reasons.
intermittent,/ˌɪntərˈmɪtənt/,"간헐적인, 간간이 일어나는",The hikers faced intermittent rain throughout the entire afternoon.
rely on ~,,"~에 의지하다, ~에 의존하다",Farmers heavily rely on the weather for a good harvest.
rely on ~,,"~을 믿다, ~을 신뢰하다",You can always rely on her to keep a secret.
illiterate,/ɪˈlɪtərət/,"(특정 분야에 대해) 잘 모르는, 무지한 <주로 명사나 부사와 함께 씀>",He is completely computer illiterate and cannot send an email.
rebel,/ˈrɛbl/,"(규칙, 일반 통념 등에) 반항적인 사람, 반항아","As a teenager, he was a rebel who ignored every rule."
stakeholder,/ˈsteɪkhoʊldər/,주주,Every stakeholder must approve the merger before it goes forward.
denature,/diːˈneɪtʃər/,"(에틸알코올, 단백질, 핵연료 등을) 변성시키다",Heat is used to denature the proteins in the sample.
denature,/diːˈneɪtʃər/,"(단백질이) 변성되다, 변성하다",The proteins denature quickly when exposed to high temperatures.
bleak,/bliːk/,"(날씨가) 으스스한, 으슬으슬한","It was a bleak, grey morning with icy wind."
bleak,/bliːk/,"(상황이) 암울한, 절망적인",The future looked bleak after the factory suddenly closed down.
groom,/ɡruːm/,"(동물이) ~의 털을 다듬다, 가죽을 다듬다",The cat spent the afternoon grooming its soft fur.
groom,/ɡruːm/,"(사람이) ~의 털을 다듬다, 솔질하다",She carefully groomed the horse before the big competition.
digestive,/daɪˈdʒɛstɪv/,소화의,Ginger tea can soothe minor digestive problems after a heavy meal.
midwife,/ˈmɪdwaɪf/,"산파, 조산사 <출산을 돕는 사람. 또는 비유적으로 어떤 일의 실현을 돕는 사람>",The midwife helped deliver the baby safely at home.
foster,/ˈfɔːstər/,"발전시키다, 키우다, 조성하다",Good teachers foster curiosity and creativity in their students.
foster,/ˈfɔːstər/,"수양~, 양~, 위탁~",They decided to become foster parents for a young child.
jittery,/ˈdʒɪtəri/,"초조한 듯이 행동하는, 안절부절못하는, 초조한",Too much coffee makes me jittery and unable to focus.
poised,/pɔɪzd/,침착한,She stayed poised and calm during the difficult interview.
cop-out,/ˈkɑːpˌaʊt/,"(책임 회피의) 핑계, 구실",Blaming the weather is just a cop-out for your laziness.
in disguise,,"변장한, 가장한, 변장하여",The spy entered the palace in disguise as a servant.
assassination,/əˌsæsɪˈneɪʃən/,암살,The president's assassination shocked the entire nation deeply.
recession,/rɪˈsɛʃən/,"경기 후퇴, 경기 침체, 불경기",Many small businesses closed during the long economic recession.
intricate,/ˈɪntrɪkət/,"(여러 부분, 내용으로 되어 있어) 복잡한",The watch contains an intricate mechanism of tiny gears.
solid,/ˈsɑːlɪd/,"완전히, 빈틈없이, 꽉 차게",I waited two solid hours for the delayed train.
solid,/ˈsɑːlɪd/,(사람이) 믿음직한,He is a solid friend who never lets me down.
knock it off!,,"그만해, 집어치워, 그만둬 <비격식적인 표현>",Knock it off! You two have been arguing all morning.
puddle,/ˈpʌdl/,(특히 비 온 뒤의) 물웅덩이,The children happily jumped in every puddle after the rain.
eye-opening,/ˈaɪˌoʊpənɪŋ/,"괄목할 만한, 놀랄 만한",The documentary was an eye-opening look at ocean pollution.
jerk ~ around,,거짓말로 속여서 ~를 가지고 놀다,Stop jerking me around and tell me the truth.
detached,/dɪˈtætʃt/,"무심한, 거리를 두는",He remained oddly detached during the emotional family reunion.
fermentation,/ˌfɜːrmɛnˈteɪʃən/,"발효, 발효 작용","Fermentation gives the bread its rich, tangy flavor."
physiology,/ˌfɪziˈɑːlədʒi/,생리 <생물체의 생물학적 기능과 작용. 또는 그 원리>,Exercise changes the physiology of the human heart over time.
physiology,/ˌfɪziˈɑːlədʒi/,생리학,She studied physiology to understand how the body functions.
preexisting,/ˌpriːɪɡˈzɪstɪŋ/,"기존의, 이미 있는",The insurance won't cover any preexisting medical conditions.
appreciation,/əˌpriːʃiˈeɪʃən/,"(상황에 대한 완전한) 이해, 인식",Traveling gave me a deeper appreciation of different cultures.
appreciation,/əˌpriːʃiˈeɪʃən/,"진가를 알기, 올바른 인식",He showed great appreciation for the fine details of the painting.
dash,/dæʃ/,(급히) 서둘러 가다,I had to dash to the station to catch my train.
chewy,/ˈtʃuːi/,"(음식이) 질긴, 꼭꼭 씹어 먹어야 하는",The caramel candy was sweet but very chewy.
diversified,/daɪˈvɜːrsɪfaɪd/,"다양한, 각양각색의, 다각적인",A diversified investment portfolio reduces your overall financial risk.
connotation,/ˌkɑːnəˈteɪʃən/,"함축, 함축된 의미",The word 'cheap' often carries a negative connotation.
reproduction,/ˌriːprəˈdʌkʃən/,"(특히 예술 작품의) 복제품, 복제화",The museum sells a reproduction of the famous painting.
divine,/dɪˈvaɪn/,"신성한, 신의, 하느님의 <주로 명사 앞에 씀>",Many cultures believe rulers once had divine power.
precaution,/prɪˈkɔːʃən/,"예방책, 예방 조치, 예방 수단",Wear a helmet as a basic safety precaution while cycling.
implicit,/ɪmˈplɪsɪt/,"(믿음, 신뢰 등이) 절대적인, 무조건적인",She placed implicit trust in her longtime business partner.
impairment,/ɪmˈpɛrmənt/,"(신체, 정신적) 장애",The accident left him with a permanent hearing impairment.
pesticide,/ˈpɛstɪsaɪd/,"살충제, 농약",Farmers sprayed pesticide to protect the crops from insects.
glossary,/ˈɡlɑːsəri/,"용어집, 용어 사전",Check the glossary at the back for unfamiliar terms.
respectful,/rɪˈspɛktfl/,"존중하는, 존경심을 보이는, 경의를 표하는, 공손한",The students were polite and respectful toward their teacher.
horizon,/həˈraɪzən/,"(사고, 지식, 흥미 등의) 시야, 한계, 범위 <주로 복수형으로 씀>",Traveling abroad really broadened my horizons and worldview.
for one thing,,"우선 첫째로, 우선 한 가지 이유는","I can't go; for one thing, I have no money."
frosting,/ˈfrɔːstɪŋ/,"(케이크나 과자 등을 장식하는) 크림, 프로스팅 <주로 미국에서 씀>",She spread thick chocolate frosting over the birthday cake.
vice,/vaɪs/,"나쁜 버릇, 비행, 악습 <셀 수 있는 명사>","Smoking is his only vice, otherwise he's quite healthy."
vice,/vaɪs/,"풍기단속반 <경찰의 부서 중에 성폭력, 도박, 마약 등이 관련된 범죄를 단속하는 부서>",She joined the vice unit to fight illegal gambling.
practically,/ˈpræktɪkli/,"사실상, 거의",The stadium was practically empty by the third quarter.
incorporate,/ɪnˈkɔːrpəreɪt/,"포함시키다, 통합시키다",We should incorporate customer feedback into the new design.
scramble,/ˈskræmbl/,"서로 밀치기, 앞다투기, 쟁탈전을 벌이기",There was a wild scramble for the last discounted tickets.
spike,/spaɪk/,"못, 못같이 뾰족한 것",He cut his foot on a sharp metal spike.
fluff,/flʌf/,"시시한 것, 쓸데없는 것, 피상적인 것",The magazine article was pure fluff with no real information.
fluff,/flʌf/,부풀리다,She fluffed the pillows before the guests arrived.
sustain,/səˈsteɪn/,"(피해 등을) 입다, 당하다 <격식 있는 표현>",Several passengers sustained minor injuries in the bus accident.
far-fetched,/ˌfɑːrˈfɛtʃt/,"억지스러운, 가능성이 희박한, 믿기 어려운",His excuse sounded far-fetched and nobody believed it.
following,/ˈfɑːloʊɪŋ/,"~ 후에, ~에 따라",The office reopened following a week of renovations.
charge,/tʃɑːrdʒ/,"(~로) 기소하다, 고소하다",Police decided to charge him with reckless driving.
charge,/tʃɑːrdʒ/,"기소, 공소, 혐의",He faced a serious charge of tax fraud.
live up to ~,,(다른 사람의 기대) ~에 부응하다,The new movie failed to live up to the hype.
illuminate,/ɪˈluːmɪneɪt/,(~에 불을) 비추다,Bright spotlights illuminate the stage during the performance.
take ~ over,,"(정권, 정당 등을) ~을 장악하다, 탈취하다",The rebels moved quickly to take the city over.
take ~ over,,~을 대체하다,Machines will take these tasks over within a decade.
jar,/dʒɑːr/,"(입구가 넓은) 병, 단지, 항아리",She stored the homemade jam in a glass jar.
period,/ˈpɪriəd/,(여성의) 생리,She stayed home with cramps during her period.
contemporary,/kənˈtɛmpərɛri/,"현대의, 당대의",The gallery features contemporary art from young local artists.
try,/traɪ/,"(법원에서) 재판하다, 심리하다",The court will try the suspect early next month.
walk ~ through ~,,"~에게 ~을 차근차근 설명하다, 차근차근 알려 주다",Let me walk you through the setup process step by step.
seek,/siːk/,"추구하다, 요구하다, 구하다, ~을 얻으려고 애쓰다",Young graduates often seek advice from experienced mentors.
sober,/ˈsoʊbər/,"(사람 또는 사람의 행동이) 냉철한, 진지한",He gave a sober assessment of the company's financial troubles.
sober,/ˈsoʊbər/,술 취하지 않은,He stayed sober at the party and drove everyone home.
refreshment,/rɪˈfrɛʃmənt/,"다과, 가벼운 음식물 <복수형으로 씀>",Light refreshments will be served after the seminar.
count ~ out,,(활동이나 계획에서) ~를 빼다,"If it involves camping, you can count me out."
impulsive,/ɪmˈpʌlsɪv/,"(사람, 행동이) 충동적인",Buying that expensive watch was a very impulsive decision.
implant,/ˈɪmplænt/,"삽입하는 물질, 이식물, 삽입물, 보형물",The surgeon inserted a metal implant into his knee.
curb,/kɜːrb/,"연석, 갓돌, 도로 경계석 <차도와 인도 또는 차도와 가로수 사이의 경계석>",She parked too close to the curb and scratched the tire.
panic attack,/ˈpænɪk əˌtæk/,공황 발작,She had a panic attack right before the big exam.
adequate,/ˈædɪkwət/,"충분한, 적절한, 적당한",Make sure you get adequate sleep before the long trip.
unmoved,/ʌnˈmuːvd/,"마음이 동요하지 않는, 냉정한",He remained unmoved by their desperate pleas for help.
who's to say,,누가 알겠어? <아무도 모른다는 뜻>,Who's to say what the future might bring us?
observe,/əbˈzɜːrv/,"(축제, 생일 등을) 축하하다, 기념하다",Our family observes Thanksgiving with a big dinner every year.
ax,/æks/,"해고하다, 자르다",The company axed hundreds of workers during the crisis.
take ~ off,,"(얼마 기간) ~동안 일을 쉬다, 휴가를 내다",I'm going to take a few days off next week.
take ~ off,,"(머리를) 자르다, 깎다",The stylist took two inches off my hair.
treason,/ˈtriːzən/,반역죄,The officer was executed for committing treason against the crown.
unsung,/ˌʌnˈsʌŋ/,"찬양받지 못한, 칭송받지 못한, 유명해지지 못한, 이름 없는 <주로 명사 앞에 씀>",Nurses are the unsung heroes of the entire hospital.
faze,/feɪz/,당황시키다,The loud boos didn't faze the experienced performer at all.
take ~ for granted,,"~을 당연시하다, ~이 고마운 줄을 모르다",Don't take your parents' support for granted.
forage,/ˈfɔːrɪdʒ/,(먹이를) (~를) 찾아 돌아다니다 <자동사>,Bears often forage for berries in late summer.
juvenile,/ˈdʒuːvənaɪl/,청소년의 (격식 있는 표현 또는 법률 용어),He was tried in a juvenile court because of his age.
juvenile,/ˈdʒuːvənaɪl/,"어린애 같은, 유치한 <부정적인 어감>",His juvenile behavior at the meeting embarrassed everyone.
dictator,/ˈdɪkteɪtər/,독재자,The ruthless dictator silenced anyone who dared to oppose him.
along these lines,,"이와 비슷한, 이와 비슷하게",We need a plan along these lines to succeed.
depict,/dɪˈpɪkt/,(언어나 그림 등으로) 묘사하다,The mural depicts the town's history in vivid colors.
all in all,,대체로,"All in all, it was a productive and enjoyable trip."
knuckle,/ˈnʌkl/,"손가락 마디, 손가락 관절",He cracked his knuckles nervously before the interview.
pound,/paʊnd/,"(심장 등이) 쿵쿵 뛰다, 두근거리다 <빠르고 세게 뛴다는 뜻>",My heart was pounding as I opened the exam results.
pound,/paʊnd/,"치다, 두드리다 <주로 큰 소리를 내며 반복해서 세게 두드린다는 뜻>","He pounded on the door, demanding to be let inside."
thesis,/ˈθiːsɪs/,논지,The author's central thesis is that kindness drives success.
empathy,/ˈɛmpəθi/,"감정이입, 공감",Good nurses treat their patients with genuine empathy and care.
slippery,/ˈslɪpəri/,"파악하기 어려운, 다루기 힘든",Truth can be a slippery concept in political debates.
restrain,/rɪˈstreɪn/,"(특히 물리력을 동원하여) 저지하다, 제지하다",Two guards had to restrain the angry protester.
elective,/ɪˈlɛktɪv/,"(강좌, 과목이) 선택할 수 있는",I chose photography as my elective course this semester.
acquisitive,/əˈkwɪzətɪv/,"욕심이 많은, 소유욕이 많은, 탐욕스러운",Our acquisitive society constantly craves newer and bigger things.
fix,/fɪks/,"준비하다, 주선하다",Let me fix you a sandwich before you leave.
comprehensive,/ˌkɑːmprɪˈhɛnsɪv/,"포괄적인, 종합적인",The report offers a comprehensive overview of the whole industry.
rain shower,/ˈreɪn ˌʃaʊər/,소나기,A brief rain shower cooled the air this afternoon.
distant,/ˈdɪstənt/,"먼, 멀리 떨어져 있는",We could see a distant mountain range on the horizon.
restate,/ˌriːˈsteɪt/,"다시 말하다, 고쳐 말하다",Let me restate my point more clearly this time.
engage,/ɪnˈɡeɪdʒ/,"(~와) 교전을 시작하다, 싸우기 시작하다 <자동사>",The two armies engaged at dawn near the river.
engage,/ɪnˈɡeɪdʒ/,"(~에) ~를 관여하게 하다, 참여시키다, 끌어들이다",Skilled teachers know how to engage students in the lesson.
engage,/ɪnˈɡeɪdʒ/,"(~에) 관여하다, 참여하다, 종사하다, 하다",She engages in volunteer work every weekend.
resort,/rɪˈzɔːrt/,(특정 상황에서의) 수단,Violence should always be the last resort in a conflict.
have the floor,,(토론에서) 발언권을 갖다,The senator now has the floor to present her argument.
syllabus,/ˈsɪləbəs/,"강의 계획서, 강의 개요, 수업 안내서",The professor handed out the course syllabus on the first day.
overpower,/ˌoʊvərˈpaʊər/,제압하다,Three men tried to overpower the security guard at once.
tumor,/ˈtuːmər/,종양(腫瘍),Doctors removed the small tumor during a two-hour surgery.
on the trail,,(~을) 추적하여,Detectives are hot on the trail of the missing jewels.
boast,/boʊst/,"뽐내다, 자랑하다",He loves to boast about his children's achievements.
teller,/ˈtɛlər/,"(은행의) 창구 직원, 금전 출납계 직원",The bank teller counted the cash quickly and accurately.
spark,/spɑːrk/,"촉발시키다, 유발하다, 불러일으키다",The new tax law sparked widespread public protests.
nagging,/ˈnæɡɪŋ/,"(통증이나 의심 등이) 계속되는, 없어지지 않는",I had a nagging pain in my lower back all day.
nagging,/ˈnæɡɪŋ/,"(주로 지속적인) 잔소리, 바가지",Her constant nagging finally made him clean the garage.
tiredness,/ˈtaɪərdnəs/,"피곤함, 피로함",A sudden wave of tiredness hit me after lunch.
above all,,"무엇보다도, 특히","Above all, remember to stay calm during the emergency."
along the way,,그 과정에서,We learned many valuable lessons along the way.
clap,/klæp/,(손뼉을) 치다 <타동사>,The audience clapped loudly when the singer finished her song.
clap,/klæp/,턱 갖다 대다,He clapped a firm hand on my shoulder in support.
suck it up,,(좋지 않은 일을 감정을 다스리며) 잘 받아들이다,"I know it's hard, but you just have to suck it up."
takeaway,/ˈteɪkəweɪ/,"핵심사항, 요점",The main takeaway from the lecture was to plan ahead.
granite,/ˈɡrænɪt/,화강암,The kitchen features a beautiful polished granite countertop.
barn,/bɑːrn/,"곳간, 헛간, 외양간",The farmer stored hay and tools inside the old barn.
settle,/ˈsɛtl/,"해결하다, 합의를 보다, 끝내다",The two companies settled the dispute out of court.
heretic,/ˈhɛrətɪk/,이단자,The church condemned him as a dangerous heretic.
evacuation,/ɪˌvækjuˈeɪʃən/,대피,The fire alarm triggered an immediate evacuation of the building.
exploit,/ɪkˈsplɔɪt/,"(사람을) 착취하다, 이용해 먹다 <못마땅함>",The factory was accused of exploiting its underpaid workers.
exploit,/ɪkˈsplɔɪt/,~을 잘 활용하다,Smart companies exploit new technology to gain an advantage.
sting,/stɪŋ/,"따끔거리다, 따갑다, 쓰리다",The antiseptic will sting a little when applied to the cut.
hold one's tongue,,"입다물고 있다, 말을 삼가다, 잠자코 있다",I wanted to argue but decided to hold my tongue.
grow ~ out,,"(머리카락, 수염 등을) ~을 자라게 놔두다",She's trying to grow her bangs out this year.
confrontation,/ˌkɑːnfrənˈteɪʃən/,"대치, 대립",He avoided a direct confrontation with his stubborn boss.
get across,,"알게 하다, 이해시키다",It's difficult to get across in just a few words.
shiver,/ˈʃɪvər/,"떨다, 몸을 떨다",I began to shiver as the temperature suddenly dropped.
come out of the closet,,(동성애자를 비롯한 성소수자가) 커밍아웃하다,He finally came out of the closet to his family.
cringe,/krɪndʒ/,"(겁이 나서) 움찔하다, 움츠리다",She cringed in fear when the dog suddenly barked.
cringe,/krɪndʒ/,"민망해하다, 민망하다",I cringe whenever I remember that embarrassing speech.
will,/wɪl/,"반드시 ~하다, ~해야 하다 <명령할 때 쓰는 표현>","You will finish your homework before dinner, understood?"
prejudice,/ˈprɛdʒədɪs/,편견,We must fight prejudice against people from different backgrounds.
prey,/preɪ/,"(사냥 동물의) 먹이, 사냥감",The eagle swooped down and seized its unsuspecting prey.
outreach,/ˈaʊtriːtʃ/,"(주로 고객과의) 소통, 접촉 <관계 강화를 위해 소통 및 상담 등을 제공하는 활동>",The clinic expanded its community outreach to rural areas.
brittle,/ˈbrɪtl/,"(기분, 정서가) 불안정한",Her brittle mood shattered at the slightest criticism.
prioritize,/praɪˈɔːrətaɪz/,"우선시하다, 우선적으로 처리하다",You should prioritize your health over your busy work schedule.
you can say that again,,"두말하면 잔소리지!, 정말 그래! <상대의 말에 전적으로 동의할 때 씀>",'This coffee is terrible.' 'You can say that again!'
irritated,/ˈɪrɪteɪtɪd/,"짜증이 난, 화가 난",She felt irritated by the constant noise from the street.
juicy,/ˈdʒuːsi/,"재미있는, 흥미진진한",She shared some juicy gossip about the new manager.
astonish,/əˈstɑːnɪʃ/,"깜짝 놀라게 하다, 크게 놀라게 하다",The magician's final trick astonished the entire audience.
mundane,/mʌnˈdeɪn/,"재미없는, 일상적인, 평범한",He was tired of the mundane routine of office life.
overrun,/ˌoʊvərˈrʌn/,"~을 가득 채우다, ~에 급속히 퍼지게 하다 <수동태로 쓰는 경우가 많음>",The abandoned garden was overrun with weeds and vines.
immense,/ɪˈmɛns/,"엄청난, 어마어마한",Building the bridge required an immense amount of effort.
dementia,/dɪˈmɛnʃə/,치매,Her grandmother was recently diagnosed with early-stage dementia.
treasury,/ˈtrɛʒəri/,"(영국, 미국 및 일부 다른 국가들의) 재무부",The Treasury announced new measures to control inflation.
flawless,/ˈflɔːləs/,"흠잡을 데 없는, 결점이 없는",The gymnast delivered a flawless routine and won gold.
fix ~ up,,"~을 수리하다, ~을 단장하다",We spent the weekend fixing up the old house together.
pessimistic,/ˌpɛsɪˈmɪstɪk/,"비관적인, 비관주의적인",She tends to be pessimistic about her chances of promotion.
incriminate,/ɪnˈkrɪmɪˌneɪt/,~이 유죄인 것처럼 보이게 하다,He refused to say anything that might incriminate his friends.
fly off the handle,,버럭 화를 내다,My boss flew off the handle when he saw the mistake.
would you mind,,~하면 안 될까요?,"Would you mind closing the window for me, please?"
hazy,/ˈheɪzi/,"(기억 등이) 흐릿한, 모호한",My memory of that night is a little hazy now.
pathological,/ˌpæθəˈlɑdʒɪkəl/,"병적인, 걷잡을 수 없는",He has a pathological fear of being left alone.
seal ~ off,,"~을 봉쇄하다, 봉인하다",Police sealed off the street after the accident.
out of one's hair,,더 이상 ~를 귀찮게 굴지 않는,I sent the kids outside to get them out of my hair.
waist,/weɪst/,허리,The dress fit perfectly around her waist.
provided,/prəˈvaɪdɪd/,만약 ~라면,"You can borrow the car, provided you fill the tank."
criterion,/kraɪˈtɪriən/,(판단이나 결정을 위한) 기준 <복수형은 criteria>,Price is not the only criterion we use when hiring.
separate,/ˈsɛprɪt/,"관련 없는, 서로 다른, 별개의 <주로 명사 앞에 씀>",These are two completely separate issues we must address.
optimistic,/ˌɑptɪˈmɪstɪk/,"낙관적인, 낙관하는",The doctors remain optimistic about his full recovery.
artery,/ˈɑrtəri/,동맥 <심장에서 피를 신체 각 부분에 보내는 혈관>,The surgeon repaired the damaged artery during the operation.
off-putting,/ˈɔfˌpʊtɪŋ/,"정이 안 가는, 좋아하기 힘든",His arrogant manner was rather off-putting at first.
illegible,/ɪˈlɛdʒəbəl/,"읽기 어려운, 판독이 불가능한",The doctor's handwriting was completely illegible to the pharmacist.
provision,/prəˈvɪʒən/,"공급, 제공 <주로 단수형으로 씀>",The charity handles the provision of food to refugees.
compilation,/ˌkɑmpɪˈleɪʃən/,"편집물, 모음집",She released a compilation of her greatest hits last year.
accomplished,/əˈkɑmplɪʃt/,"기량이 뛰어난, 재주가 많은 <연습, 훈련을 통해서 도달한 경지를 나타냄>",She is an accomplished pianist who studied for years.
souvenir,/ˌsuvəˈnɪr/,"(휴가지 등에서 사는) 기념품, 선물",I bought a small souvenir to remember the trip.
hospitalize,/ˈhɑspɪtəˌlaɪz/,입원시키다 <주로 수동태로 쓰임>,He was hospitalized for a week after the crash.
canal,/kəˈnæl/,"운하, 수로",Boats drifted slowly along the peaceful old canal.
stoic,/ˈstoʊɪk/,"불평불만을 얼굴로 드러내지 않는, 태연한",She remained stoic despite the terrible news.
on impulse,,충동적으로,I bought the jacket on impulse without checking the price.
flea market,/ˈfli ˌmɑrkɪt/,벼룩시장,We found a beautiful antique lamp at the flea market.
class act,/ˈklæs ˌækt/,"일류의 것, 걸출한 사람",The retiring coach was a real class act to the end.
to begin with,,"우선, 먼저 <말할 내용 중에 첫 번째 내용을 소개하면서 하는 말>","To begin with, I'd like to thank everyone for coming."
fertilize,/ˈfɜrtəˌlaɪz/,수정시키다,Bees help fertilize the flowers as they gather nectar.
force field,/ˈfɔrs ˌfild/,"방어막, 포스 필드 <눈에 보이지 않는 힘이 작용하는 영역을 나타냄>","In the movie, a force field protected the entire city."
sanitize,/ˈsænɪˌtaɪz/,소독하다 <세균 포함 미생물의 양을 안전한 수준으로 낮춘다는 뜻>,Please sanitize your hands before entering the kitchen.
suffer,/ˈsʌfər/,"~을 당하다, ~을 겪다 <타동사>",The region suffered severe damage from the earthquake.
instance,/ˈɪnstəns/,"사례, 경우",This is just one instance of the wider problem.
abstract,/ˈæbstrækt/,추상적인,I find abstract art difficult to fully understand.
coaster,/ˈkoʊstər/,컵받침,She placed her mug on a wooden coaster.
cubicle,/ˈkjubɪkəl/,칸막이한 공간,He spends all day working in a tiny cubicle.
horrendous,/hɔˈrɛndəs/,"참혹한, 끔찍한, 대단히 충격적인",The traffic this morning was absolutely horrendous.
successor,/səkˈsɛsər/,"후임자, 계승자, 계승하는 것",The CEO named her successor before stepping down.
controversial,/ˌkɑntrəˈvɜrʃəl/,논란이 많은,The new policy proved deeply controversial among voters.
overrate,/ˌoʊvərˈreɪt/,과대평가하다,Critics tend to overrate his early films.
come over ~,,(격한 감정 등이) ~에게 밀려오다,A wave of sadness came over me at the ceremony.
crack up,,"웃음을 터뜨리다, 빵 터지다",Her joke made the whole class crack up.
tactile,/ˈtæktəl/,(사람이 다른 사람과의) 신체 접촉을 좋아하는,He's a very tactile person who loves hugging friends.
cape,/keɪp/,망토,The superhero wore a long red cape.
so much for ~,,"~는 글렀네, ~가 무슨 소용이야, ~는 무슨 <상황 등이 기대에 못 미쳤을 때 하는 말>","It's raining again, so much for our picnic plans."
account for ~,,"(부분, 비율) ~을 차지하다",Exports account for nearly half of the company's revenue.
ridiculous,/rɪˈdɪkjələs/,"웃기는, 말도 안 되는, 터무니없는",The price they charged was absolutely ridiculous.
torture,/ˈtɔrtʃər/,(주로 처벌하거나 정보를 얻기 위해) 고문하다,The prisoners were tortured to reveal their secrets.
paranoid,/ˈpɛrəˌnɔɪd/,피해망상적인,He became paranoid that everyone was watching him.
paranoid,/ˈpɛrəˌnɔɪd/,편집증 환자,"He acts like a paranoid, suspecting everyone of lying."
scorching,/ˈskɔrtʃɪŋ/,"극도로 더운, 뜨거운",We stayed indoors during the scorching afternoon heat.
sequel,/ˈsikwəl/,"속편, 후속편 <책, 영화, 연극 등의 뒤이은 이야기>",The movie's sequel was even better than the original.
trustee,/trʌsˈti/,(자선 단체나 재단 등의) 이사,She serves as a trustee of the local museum.
ringtone,/ˈrɪŋˌtoʊn/,"(휴대 전화의) 신호음, 벨 소리",His loud ringtone interrupted the entire meeting.
glow,/ɡloʊ/,"(기쁨, 만족감을 동반한 은근한) 행복감",She felt a warm glow of pride at the award.
glow,/ɡloʊ/,건강한 혈색 <운동 후 또는 건강함으로 인해 생기는 얼굴의 발그레한 빛을 나타냄>,"After her run, her cheeks had a healthy glow."
buzz,/bʌz/,"입소문, 얘기, 화제 <비격식적인 표현>",There's a lot of buzz about the new restaurant downtown.
buzz,/bʌz/,"(장소가) 활기가 넘치다, 부산스럽다",The market was buzzing with shoppers on Saturday morning.
howdy,/ˈhaʊdi/,안녕 <만났을 때 하는 인사. 흔히 유머>,"Howdy, folks, glad you could all make it!"
haggle,/ˈhæɡəl/,"(물건 값을 두고) 흥정을 하다, 실랑이를 벌이다",Tourists often haggle over prices in the market.
article,/ˈɑrtɪkəl/,"관사 <문법 용어. 영어의 관사에는 a, an, the가 있음>","In English, 'the' is a definite article."
fulfilling,/fʊlˈfɪlɪŋ/,성취감을 주는,She finds her volunteer work incredibly fulfilling.
in exchange,,"그 대신, 답례로","He fixed my bike, and I cooked dinner in exchange."
go hand in hand,,(~와) 밀접한 관련이 있다,Success and hard work usually go hand in hand.
heartbreaking,/ˈhɑrtˌbreɪkɪŋ/,"가슴이 터질 듯한, 애끓는 마음을 자아내는",The documentary told a heartbreaking story of loss.
aka,,~라고도 알려진 <also known as의 줄임말>,"My uncle Robert, aka Bob, is coming to visit."
throw ~ up,,(~을) 토하다 <비격식적인 표현>,The child felt sick and threw up after lunch.
accompanied by ~,,"~을 동반한, ~가 딸린",The report was accompanied by detailed charts and graphs.
go downhill,,"더 나빠지다, 질이 떨어지다, 내리막으로 접어들다",His health began to go downhill after the surgery.
tip over,,넘어지다,The vase tipped over and shattered on the floor.
immaculate,/ɪˈmækjələt/,"오점이 없는, 실수가 없는, 완벽한","His exam performance was immaculate, without a single error."
immaculate,/ɪˈmækjələt/,티끌 하나 없이 깨끗한,"Her kitchen was immaculate, without a speck of dust."
overconfident,/ˌoʊvərˈkɑnfɪdənt/,지나치게 자신만만한,He was overconfident and underestimated his opponent.
confront,/kənˈfrʌnt/,"(상황에) 맞서다, 직면하다 <문제나 곤란한 상황이 있다는 것을 인정하고 대처한다는 뜻>",Sooner or later you must confront your problems directly.
confront,/kənˈfrʌnt/,직면하게 만들다 <주로 수동태로 쓰임. 어려움이나 힘든 문제에 부딪히게 한다는 뜻>,She was confronted with a difficult moral choice.
confront,/kənˈfrʌnt/,"(사람에) 정면으로 부딪치다, 맞서다 <싸우거나 논쟁하거나 하기 위해>",He confronted his coworker about the missing money.
debilitating,/dɪˈbɪlɪˌteɪtɪŋ/,"(병, 질환이 사람을) 쇠약하게 하는 <명사 앞에 올 때만 선택적으로 씀>",She suffers from a debilitating chronic illness.
desensitize,/diˈsɛnsɪˌtaɪz/,둔감하게 만들다,Violent films can desensitize viewers to real suffering.
to what end,,"무슨 목적으로, 무엇을 위해","You keep lying, but to what end exactly?"
bungle,/ˈbʌŋɡəl/,"~을 망치다, 엉망으로 하다, 서투르게 하다",The team bungled the project and lost the client.
numb,/nʌm/,"(제대로 생각, 반응을 못하고) 멍한, 망연자실한",She felt numb with shock after hearing the news.
numb,/nʌm/,(추위 등으로 신체 부위가) 감각이 없는,My fingers went numb in the freezing cold.
proxy,/ˈprɑksi/,대리인,He voted by proxy since he couldn't attend.
percussion,/pərˈkʌʃən/,타악기,He plays percussion in the school orchestra.
choreographer,/ˌkɔriˈɑɡrəfər/,안무가,The choreographer designed a stunning dance for the finale.
fall over,,넘어지다,The toddler kept falling over as he learned to walk.
tackle,/ˈtækəl/,"(스포츠 활동, 특히 낚시용) 도구",He packed all his fishing tackle into the truck.
tackle,/ˈtækəl/,"씨름하다, 적극적으로 나서다, 매진하다 <최선을 다해 어려운 일을 처리하려 한다는 뜻>",We need to tackle this problem head-on today.
hen,/hɛn/,암탉,The hen laid three eggs this morning.
rooster,/ˈrustər/,수탉 <주로 미국에서 쓰는 표현>,The rooster crowed loudly at dawn.
ruling party,/ˈrulɪŋ ˌpɑrti/,여당,The ruling party lost its majority in the election.
asthma,/ˈæzmə/,천식,She carries an inhaler because of her asthma.
way to go!,,잘했어!,You passed the exam? Way to go!
undergo,/ˌʌndərˈɡoʊ/,"(변화, 좋지 않은 일 등을) 겪다",The city has undergone dramatic changes recently.
undergo,/ˌʌndərˈɡoʊ/,"(치료, 수술, 검사 등을) 받다",He will undergo surgery on his knee next week.
ruffle,/ˈrʌfəl/,"(고르게 되어 있는 것을) 헝클다, 헝클어뜨리다",The wind ruffled her neatly combed hair.
ruffle,/ˈrʌfəl/,"~의 신경을 건드리다, ~의 심기를 불편하게 하다, ~를 짜증나게 하다",His rude comment clearly ruffled several people at the table.
liability,/ˌlaɪəˈbɪlɪti/,"골칫거리, 폐 끼치는 사람","Without training, the new hire is more of a liability."
compromise,/ˈkɑmprəˌmaɪz/,"절충안, 타협안, 절충해서 나온 것 <셀 수 있는 명사>","After hours of talks, they finally reached a compromise."
compromise,/ˈkɑmprəˌmaɪz/,"(원칙 등을) 굽히다, 양보하다",She refused to compromise her principles for money.
compromise,/ˈkɑmprəˌmaɪz/,(~에 대해) 타협하다,The two sides agreed to compromise on the budget.
play dumb,,"(~에게) 시치미 떼다, 모른 척하다",Don't play dumb; you know exactly what happened.
dwell on ~,,"~을 곱씹다, ~을 되씹다",Try not to dwell on your past mistakes.
night table,/ˈnaɪt ˌteɪbəl/,(침대 옆에 놓는) 협탁,Her glasses were resting on the night table.
blunt,/blʌnt/,(칼날 등이) 무딘,The knife was too blunt to cut the bread.
go through with ~,,"~을 거치다, ~을 하다",She wasn't sure she could go through with the plan.
neck and neck,,"막상막하인, 대등하게",The two runners were neck and neck at the finish.
flattered,/ˈflætərd/,으쓱해진,I was flattered when they asked me to speak.
curse,/kɜrs/,"욕, 욕설, 악담",He muttered a curse under his breath.
homely,/ˈhoʊmli/,"못생긴, 매력 없는 <미국식 표현>","She described herself as homely, though her friends disagreed."
represent,/ˌrɛprɪˈzɛnt/,"보여주다, 제시하다, 표현하다",The graph represents our sales growth over five years.
incrementally,/ˌɪnkrəˈmɛntəli/,"점진적으로, 조금씩 증가하여",The software improves incrementally with each small update.
turn oneself in,,자수하다,"After days on the run, he turned himself in."
harass,/həˈræs/,"(압력을 가하거나 불쾌한 말, 행동으로) 괴롭히다 <수동태로 자주 쓰임>",She was harassed by anonymous phone calls for weeks.
amnesia,/æmˈniʒə/,"기억 상실, 기억 상실증","After the accident, he suffered from temporary amnesia."
on it,,"할 마음이 있다, 바로 착수하겠다",Don't worry about the report; I'm on it.
cohesive,/koʊˈhisɪv/,"화합하는, 응집력 있는, 결합력 있는",A good leader keeps the team cohesive and focused.
get by,,"(~으로) 그럭저럭 해 나가다, 그럭저럭 살아가다",They barely get by on his small salary.
manipulative,/məˈnɪpjələtɪv/,"교묘하게 조종하는, 조종하는 데 능한",Her manipulative behavior slowly turned friends against each other.
designate,/ˈdɛzɪɡˌneɪt/,지정하다,They designated the room as a quiet study area.
ashamed,/əˈʃeɪmd/,"(~여서, ~해서) 부끄러운, 창피한, 수치스러운",He felt deeply ashamed of his rude behavior.
close,/kloʊs/,"거의 ~할 것 같은, 곧 ~할 것 같은 <명사 앞에는 안 씀>",We were close to finishing when the power failed.
graffiti,/ɡrəˈfiti/,"(공공장소에 하는) 낙서, 그래피티",The wall was covered in colorful graffiti.
metabolic,/ˌmɛtəˈbɑlɪk/,"신진대사의, 대사 작용의 <생물학 용어>",Exercise can boost your metabolic rate significantly.
laugh ~ out of ~,,~를 비웃어서 ~에서 내쫓다,They laughed him out of the room for his silly idea.
canny,/ˈkæni/,"영리한, 약삭빠른",She made a canny investment that doubled her money.
stipulate,/ˈstɪpjəˌleɪt/,"~을 규정하다, 명기하다, 명문화하다",The contract stipulates that payment is due monthly.
shore,/ʃɔr/,"(특히 해안을 끼고 있는) 국가, 나라 <복수형으로 씀. 문어적 표현>",Sailors longed to return to their native shores.
pull oneself together,,"정신 똑바로 차리다, 진정하다, 냉정을 되찾다","After crying, she pulled herself together and continued."
hitman,/ˈhɪtmæn/,살인 청부업자 <비격식>,The gangster hired a hitman to silence the witness.
possess,/pəˈzɛs/,(이해할 수 없는 짓을 하도록) 홀리다,Some madness must have possessed him to do that.
possess,/pəˈzɛs/,"(자질, 특징을) 지니다, 갖추고 있다",She possesses all the qualities of a great leader.
call for ~,,(사물을 주어로 하여) ~을 필요로 하다,This recipe calls for two cups of flour.
retrieve,/rɪˈtriv/,"되찾다, 회수하다 <격식 있는 표현>",He dove into the lake to retrieve his keys.
retrieve,/rɪˈtriv/,"~을 상기하다, 다시 생각해 내다",She struggled to retrieve the name from her memory.
retrieve,/rɪˈtriv/,"불러오다, 다시 불러오다",Click here to retrieve your saved documents.
combo,/ˈkɑmboʊ/,"조합, 결합, 조합된 것, 결합된 것",The burger and fries combo is a great deal.
retort,/rɪˈtɔrt/,"쏘아붙이다, 말대꾸하다, 응수하다",She retorted sharply that it was none of my business.
move,/muv/,"조치, 행동",Quitting his job was a bold move.
take offense,,"(~에) 기분이 상하다, 불쾌하게 생각하다",Please don't take offense at my honest opinion.
mint,/mɪnt/,"완전히 새것 같은, 제조 직후의 상태와 같은, 갓 발행된",The old coin was in mint condition.
mint,/mɪnt/,많은 돈 <비격식적인 표현>,He must be earning a mint at that new firm.
makeover,/ˈmeɪkˌoʊvər/,"단장, 변신",The tired living room got a complete makeover.
gear,/ɡɪr/,"(특정 활동에 필요한) 장비, 복장",Remember to bring your hiking gear tomorrow.
jaywalk,/ˈdʒeɪˌwɔk/,(도로를) 무단 횡단하다,The officer fined him for jaywalking across the avenue.
crescent,/ˈkrɛsənt/,초승달 모양의,A thin crescent moon hung in the night sky.
aversion,/əˈvɜrʒən/,"(~에 대한) 혐오감, 아주 싫어함",She has a strong aversion to spiders.
pull,/pʊl/,"(행사, 광고 등을) 취소하다, 거둬들이다",The network pulled the ad after public complaints.
majestic,/məˈdʒɛstɪk/,"장엄한, 위풍당당한",The majestic mountains towered above the valley.
snippy,/ˈsnɪpi/,"무뚝뚝한, 상냥하지 못한, 건방진, 까칠한",He got snippy with me for no reason.
mockery,/ˈmɑkəri/,"조롱, 조소",Her cruel mockery left him feeling humiliated.
frantic,/ˈfræntɪk/,"(사람이 두려움, 걱정 등으로) 제정신이 아닌",The frantic mother searched everywhere for her child.
sonogram,/ˈsɑnəˌɡræm/,초음파 사진,The doctor showed us the baby's first sonogram.
well-to-do,/ˌwɛl tə ˈdu/,"부유한, 잘사는",They grew up in a well-to-do neighborhood.
as far as,,(부사절을 이끌어) ~하는 한,"As far as I know, the meeting is still on."
as far as,,"(거리, 범위 등이) ~까지",We walked as far as the old bridge and back.
sore loser,/ˈsɔr ˌluzər/,패배를 인정할 줄 모르는 사람,Don't be such a sore loser about the game.
don't start,,"불평하지 마, 투덜거리지 마, 잔소리하지 마",Don't start with me about the dishes again.
that is it,,"그만해, 더는 안 되겠어 <화가 나서 더 이상 못 참겠다는 뜻>","That's it, I'm not tolerating this anymore!"
cheesy,/ˈtʃizi/,"유치한, 진부한, 오글거리는, 촌스러운",The movie's ending was so cheesy it made me groan.
perspective,/pərˈspɛktɪv/,"균형감, 균형 잡힌 관점",Traveling gave her a fresh perspective on life.
compatible,/kəmˈpætəbəl/,"화합할 수 있는, 사이좋게 지낼 수 있는",The new roommates turned out to be very compatible.
formality,/fɔrˈmælɪti/,"형식적인 일, 의례적인 일 <주로 단수형으로 씀>",Signing the form is just a formality.
motion,/ˈmoʊʃən/,"(의회 등에서) 발의, 제의, 제안",The committee voted to approve the motion.
closet,/ˈklɑzɪt/,"(집 구조의 일부분으로 설계된) 벽장, 붙박이장",She hung her coat in the hallway closet.
closet,/ˈklɑzɪt/,"은밀한, 드러나지 않은, 본인만 알고 있는",He's a closet fan of cheesy pop music.
ruthless,/ˈruθləs/,"무자비한, 가차 없는, 인정사정없는 <못마땅함>",The dictator was ruthless in crushing all opposition.
put ~ up,,"~을 붙이다, ~을 내붙이다",They put up posters advertising the concert.
disciplinary action,/ˈdɪsəplɪˌnɛri ˌækʃən/,"징계 처분, 징계 조치",The employee faced disciplinary action for the violation.
put ~ out,,"내다, 발표하다, 발행하다",The company put out a statement denying the rumors.
put ~ out,,(불 등을) 끄다,Firefighters quickly put out the blaze.
glacier,/ˈɡleɪʃər/,빙하,The glacier has retreated significantly over the decades.
impatient,/ɪmˈpeɪʃənt/,"짜증 난, 안달하는, 안달 난",He grew impatient waiting for the late train.
United States Attorney,/juˌnaɪtɪd ˈsteɪts əˈtɜrni/,미국 연방 검사,The United States Attorney announced the indictment today.
captivating,/ˈkæptɪˌveɪtɪŋ/,매혹적인,She gave a captivating performance that held the audience.
devastating,/ˈdɛvəˌsteɪtɪŋ/,"대단히 파괴적인, 엄청난 손상을 가하는",The flood had a devastating effect on the town.
devastating,/ˈdɛvəˌsteɪtɪŋ/,엄청나게 충격적인,Losing the championship was a devastating blow to the team.
get down to ~,,~을 시작하다,Let's stop chatting and get down to business.
go down,,"(~에) 기록되다, 기억되다",This day will go down in history.
see,/si/,"상상하다, 예상하다, 보다",I can't see him ever agreeing to that plan.
pros and cons,,찬반양론,We weighed the pros and cons before deciding.
pros and cons,,장단점,Every option has its pros and cons to consider.
kick in,,효과가 나타나기 시작하다,The painkillers finally started to kick in.
up next,,다음 순서,"Up next, we have the weather forecast."
impression,/ɪmˈprɛʃən/,"흉내, 성대모사 <사람들을 웃기기 위해 유명인이나 동물, 사물의 소리나 행동을 따라 하는 것>",He did a hilarious impression of the president.
infant,/ˈɪnfənt/,"초창기의, 초기의",The company was still in its infant stages then.
rule ~ out,,"(사람이 생각, 계획, 해법 등을) ~을 배제하다 <불가능하거나 부적절하다고 여겨서>",Doctors ruled out cancer after the tests.
proficient,/prəˈfɪʃənt/,"능통한, 능숙한, 능한",She is proficient in three foreign languages.
stall,/stɔl/,"교착 상태에 빠지다, 지연되다",Negotiations stalled over the question of wages.
stall,/stɔl/,칸막이 안 <칸막이를 쳐서 만들어 놓은 샤워실이나 화장실 등을 나타냄>,She waited for an empty stall in the restroom.
tender,/ˈtɛndər/,입찰,Several firms submitted a tender for the contract.
brutally,/ˈbrutəli/,"야만스럽게, 난폭하게, 짐승처럼, 잔인하게",The soldiers brutally attacked the defenseless village.
long face,/ˈlɔŋ ˌfeɪs/,"시무룩한 얼굴, 우울한 표정",Why the long face? Cheer up a little.
gaze,/ɡeɪz/,"(눈여겨 보는) 시선, 눈길, 응시 <주로 단수형으로 씀>",She felt his steady gaze across the room.
rephrase,/riˈfreɪz/,(뜻을 더 분명히 하기 위해) 바꾸어 말하다,Let me rephrase that to make it clearer.
puffy,/ˈpʌfi/,"(눈, 얼굴 등이) 부어 있는",Her eyes were puffy from crying all night.
air,/ɛr/,방송되다,The show first aired on television in 1995.
turnover,/ˈtɜrnˌoʊvər/,(기업의 직원) 이직률,The company struggles with high staff turnover.
straight face,/ˈstreɪt ˌfeɪs/,"진지한 표정, 정색",I could barely keep a straight face during his speech.
drive under the influence,,음주운전을 하다,He was arrested for driving under the influence last night.
take ~ up,,"(특히 재미로) ~을 배우다, ~을 시작하다",She decided to take painting up as a relaxing weekend hobby.
take ~ up,,"(직장, 작업, 임무, 역할 등을) 시작하다",He will take up his new role as manager next Monday.
resilient,/rɪˈzɪliənt/,"(충격, 부상 등에 대해) 회복력 있는",Children are often surprisingly resilient after difficult experiences.
resilient,/rɪˈzɪliənt/,(물질이) 탄력 있는,This resilient rubber quickly returns to its original shape.
frail,/freɪl/,"약한, 허약한, 부서지기 쉬운",The frail old man could barely climb the stairs.
rocky,/ˈrɑki/,"고난이 많은, 험난한",Their marriage went through a rocky period last year.
brow,/braʊ/,이마 <문학적 표현>,Sweat glistened on his furrowed brow in the heat.
go over ~,,"~을 다시 말하다, 반복하다",Let's go over the plan once more before the meeting.
vulnerability,/ˌvʌlnərəˈbɪləti/,"상처받기 쉬움, 취약성",The hacker exploited a vulnerability in the company's security system.
cross,/krɔs/,"짜증난, 약간 화가 난",Please don't be cross with me for being late.
check up on,,~을 확인하다,I called to check up on my grandmother this morning.
anthropologist,/ˌænθrəˈpɑlədʒɪst/,인류학자,The anthropologist studied ancient tribal customs for many years.
coffin,/ˈkɔfɪn/,(시체를 담는) 관 <어깨 쪽이 넓고 아래로 갈수록 좁아지는 형태>,They lowered the wooden coffin slowly into the grave.
account,/əˈkaʊnt/,"(있었던 일에 대한) 설명, 이야기, 말",She gave a detailed account of what happened that night.
choosy,/ˈtʃuzi/,"까다로운, 가리는 게 많은",He is very choosy about the restaurants he visits.
paramount,/ˈpærəmaʊnt/,"다른 무엇보다 중요한, 가장 중요한",Safety is paramount when working with heavy machinery.
insolence,/ˈɪnsələns/,"건방짐, 오만, 건방진 태도, 건방진 짓",The teacher would not tolerate such insolence from students.
spinal cord,/ˈspaɪnəl ˌkɔrd/,"척수, 등골 <뇌와 연결되어 있고, 척추 내에 위치하는 중추 신경>",The accident damaged his spinal cord and affected his legs.
stutter,/ˈstʌtər/,"말을 더듬다, 더듬거리다",He tends to stutter when he feels nervous or anxious.
husband,/ˈhʌzbənd/,절약하다,They had to husband their resources during the long winter.
live ~ down,,"만회하다, 다른 사람들이 잊게 만들다 <주로 부정문으로 쓰임>",He could never live down the embarrassing mistake he made.
faculty,/ˈfækəlti/,"(사람이 타고나는 신체적, 정신적) 능력, 기능",Losing his sense of smell meant losing a vital faculty.
faculty,/ˈfækəlti/,"(대학의) 교수진, 교수들",The university faculty voted to change the curriculum.
jacked,/dʒækt/,(사람이) 근육질인,"After months at the gym, he got really jacked."
put,/pʊt/,"(감정, 영향 등을) 겪게 하다, 가하다, 주다",The tragedy put her through tremendous emotional pain.
put,/pʊt/,"쓰다, 사용하다, 투입하다, 적용하다",We should put these funds to better use.
pest,/pɛst/,"성가신 사람, 성가신 것 <비격식>",Her little brother is such a pest during dinner.
crumple,/ˈkrʌmpəl/,구기다,He began to crumple the letter in frustration.
hit the road,,"길을 나서다, 떠나다","It's getting late, so we should hit the road now."
contentious,/kənˈtɛnʃəs/,"(회의, 토론 등이) 격렬한 논쟁이 벌어지는",The meeting became contentious when they discussed the budget.
contentious,/kənˈtɛnʃəs/,"많은 논쟁을 불러일으키는, 논쟁을 초래할",Gun control remains a highly contentious issue in America.
immature,/ˌɪməˈtʊr/,"미성숙한, 치기 어린, 미숙한",His immature behavior at the party embarrassed everyone.
adamant,/ˈædəmənt/,"요지부동의, 단호한",She was adamant that she would not change her mind.
overstate,/ˌoʊvərˈsteɪt/,(실제보다 더 중요한 것처럼) 과장하다,Don't overstate the problem; it's not that serious.
astonishingly,/əˈstɑnɪʃɪŋli/,"놀랄 만큼, 놀랍게도, 몹시",The test was astonishingly easy for most of the students.
jersey,/ˈdʒɜrzi/,(운동 경기용) 셔츠,He proudly wore his team's jersey to the game.
vomit,/ˈvɑmɪt/,"토하다, 게우다",The rough boat ride made several passengers vomit.
primarily,/praɪˈmɛrəli/,주로,The museum is primarily funded by private donations.
flipper,/ˈflɪpər/,"(바다표범, 거북 등의) 지느러미발",The seal used its powerful flippers to swim quickly.
catfish,/ˈkætfɪʃ/,소셜미디어에서 거짓 신분을 만들어내거나 자신을 거짓 포장하는 사람,She discovered the online date was actually a catfish.
impound,/ɪmˈpaʊnd/,"(경찰, 법정 등이) 압수하다, 몰수하다",The police will impound your car if you park here.
reptile,/ˈrɛptaɪl/,파충류,A snake is a reptile that sheds its skin regularly.
testify,/ˈtɛstɪfaɪ/,"(~임을) 증명하다, (~의) 증거가 되다",Her success testifies to years of hard work.
testify,/ˈtɛstɪfaɪ/,"(특히 법정에서) 증언하다, 진술하다",He agreed to testify against the accused in court.
gem,/dʒɛm/,"보물, 보배 <특히 훌륭하거나 특별한 사람이나 사물을 비유적으로 이르는 말>",This little cafe is a real gem in the neighborhood.
spoil,/spɔɪl/,~를 응석받이로 키우다 <아이가 해 달라는 대로 다 해 주는 것>,Grandparents often spoil their grandchildren with too many gifts.
on hand,,"구할 수 있는, 쉽게 사용할 수 있는",Always keep some cash on hand for emergencies.
team up,,"(~와) 한 팀이 되다, 협력하다",The two companies decided to team up on the project.
long before ~,,~하기 훨씬 전에,He had left the city long before the storm arrived.
nauseous,/ˈnɔʃəs/,"욕지기나는, 메스꺼운",The smell of gasoline made her feel nauseous.
over one's head,,"~가 이해할 수 없는, 이해하기 힘든",The advanced lecture was completely over my head.
any minute,,"지금 곧, 당장에라도, 금방이라도",The bus should arrive any minute now.
manslaughter,/ˈmænslɔtər/,과실치사 <과실 행위로 사람을 죽이는 일>,He was convicted of manslaughter after the fatal accident.
meet up,,만나다,Let's meet up for coffee sometime next week.
mandatory,/ˈmændəˌtɔri/,"법에 정해진, 의무적인",Wearing a seatbelt is mandatory in most countries.
discontent,/ˌdɪskənˈtɛnt/,"만족스럽지 않은, 불만인",The workers grew discontent over their low wages.
discontent,/ˌdɪskənˈtɛnt/,"불만, 불만스러운 것",There was growing discontent among the employees.
tenderize,/ˈtɛndəraɪz/,(고기를) 부드럽게 만들다,Marinate the meat overnight to tenderize it properly.
overcast,/ˈoʊvərkæst/,"구름이 뒤덮인, 흐린, 우중충한",The sky was gray and overcast all afternoon.
overdue,/ˌoʊvərˈdu/,"벌써 행해졌어야 할, 이미 늦어진",A serious reform of the system is long overdue.
overdue,/ˌoʊvərˈdu/,"(지불, 반납 등의) 기한이 지난",The library book is two weeks overdue now.
up in arms,,"(~에) 격분한, 반기를 들고 일어나는",Residents are up in arms about the new highway plan.
squander,/ˈskwɑndər/,"낭비하다, 허비하다",He squandered his entire inheritance on gambling.
intimate,/ˈɪntəmət/,"(사람들이) 친한, 친밀한",They have been intimate friends since childhood.
intimate,/ˈɪntəmət/,분위기 있는,"The restaurant has a warm, intimate atmosphere."
idiomatic,/ˌɪdiəˈmætɪk/,(모국어 화자가 듣기에 표현이) 자연스러운,Her English sounds natural and idiomatic to native speakers.
under siege,,(군대나 경찰 등에) 포위당한,The castle was under siege for several months.
uptight,/ˌʌpˈtaɪt/,"불안해 하는, 긴장한, 화난",He gets uptight whenever he has to speak publicly.
uptight,/ˌʌpˈtaɪt/,(사람이) 앞뒤가 꽉 막힌,Don't be so uptight; just relax and have fun.
there is no point,,"(~하는 것은) 의미가 없다, 무의미하다",There is no point in arguing about it now.
benchmark,/ˈbɛntʃmɑrk/,"기준, 기준점",This test sets a benchmark for future performance.
move up,,일정을 당기다,They decided to move up the wedding to June.
discreet,/dɪˈskrit/,"신중한, 조심스러운",Please be discreet about what I told you.
striking,/ˈstraɪkɪŋ/,"굉장히 매력적인, 빼어난",She has striking green eyes that everyone notices.
word,/wɜrd/,"찬성이요, 동감이요","Word, that concert last night was absolutely amazing!"
deceptively,/dɪˈsɛptɪvli/,믿을 수 없게 <예상과 너무 다르다는 것을 강조하는 표현>,The path looked deceptively easy at first glance.
disrupt,/dɪsˈrʌpt/,"파괴적으로 재창조하다, 혁신하다 <기술 분야에서 주로 쓰임>",Their new app aims to disrupt the entire industry.
come through,,"(~을) 해내다, 완수하다",I knew you would come through for us in the end.
once in a lifetime,,(아주 특별하여) 평생 단 한 번뿐인,This is a once in a lifetime opportunity to travel there.
indecisive,/ˌɪndɪˈsaɪsɪv/,(사람이) 우유부단한,He is so indecisive that choosing dinner takes forever.
diner,/ˈdaɪnər/,"(특히 식당에서) 식사하는 사람, 손님",The waiter served each diner with a warm smile.
astrology,/əˈstrɑlədʒi/,점성술,She reads about astrology and checks her horoscope daily.
drape,/dreɪp/,긴 커튼,She pulled the heavy drapes closed at night.
fall through,,"(약속, 계획 등이) 깨지다, 실현되지 못하다",Our vacation plans fell through at the last minute.
immune,/ɪˈmjun/,"(~이) 면제되는, (~을) 면하는","No one is immune from criticism, not even the boss."
immune,/ɪˈmjun/,(질병에) (~에) 면역성이 있는,Vaccination makes you immune to many serious diseases.
dunk,/dʌŋk/,"(물이나 액체 등에) 적시기, 담그기",He gave the biscuit a quick dunk in his tea.
dunk,/dʌŋk/,덩크슛하다 <농구 용어>,The player leaped high to dunk the basketball.
immortal,/ɪˈmɔrtəl/,"죽지 않는, 불사의, 불멸의","In the myth, the gods were immortal and never aged."
groovy,/ˈɡruvi/,"멋진, 근사한 <구식 표현>",That's a really groovy jacket you're wearing today.
could use,,"필요하다, ~가 있으면 좋겠다",I could use a cup of coffee right about now.
tumble,/ˈtʌmbəl/,굴러 떨어지다 <보통 심한 부상을 입지는 않았을 때 씀>,"She tumbled down the grassy hill, laughing the whole way."
tumble,/ˈtʌmbəl/,폭삭 무너지다,House prices tumbled during the economic crisis.
skim,/skɪm/,"(책, 신문 등을) 훑어보다",I only had time to skim the newspaper this morning.
recline,/rɪˈklaɪn/,"(사람이) 비스듬히 눕다, 비스듬히 기대다",He likes to recline on the sofa after a long day.
set ~ off,,"(폭탄, 폭죽 등을) 터뜨리다",They set off fireworks to celebrate the new year.
folk,/foʊk/,"(복수형으로 쓰여) 사람들, 분들 <people보다 친근감이 있는 표현>",The folks in this town are very friendly and kind.
folk,/foʊk/,여러분 <복수형으로 쓰여 두 사람 이상을 친근하게 부를 때 쓰는 표현>,"Thanks for coming, folks; enjoy the show tonight!"
perseverance,/ˌpɜrsəˈvɪrəns/,"인내, 인내심, 끈기",Her perseverance eventually led to great success.
grit,/ɡrɪt/,"모래, 아주 작은 돌 조각들 <셀 수 없는 명사>",He felt grit in his shoes after walking on the beach.
grit,/ɡrɪt/,"투지, 기개 <셀 수 없는 명사>",It took real grit to finish the grueling marathon.
ravage,/ˈrævɪdʒ/,"황폐하게 만들다, 피폐하게 만들다, 유린하다, 파괴하다",The wildfire ravaged thousands of acres of forest.
go with ~,,"~으로 고르다, ~으로 선택하다",I think I'll go with the blue shirt for tonight.
right as rain,,"아주 건강한, 상태가 좋은","After a good night's sleep, she felt right as rain."
alumnus,/əˈlʌmnəs/,"(대학의) 남자 졸업생, 동창생 <여성형은 alumna>","As an alumnus, he donates to the university every year."
reunion,/riˈjunjən/,"모임, 동창회",We attended our high school reunion last weekend.
bully,/ˈbʊli/,"(약자를) 괴롭히다, 왕따시키다, 협박하다",The older kids used to bully him at school.
bully,/ˈbʊli/,(약자를) 괴롭히는 사람,The bully finally apologized for his cruel behavior.
shadow of a doubt,,"일말의 의심, 추호의 의심, 의심의 여지",The evidence proved his guilt beyond a shadow of a doubt.
get it together,,"정신 차리다, 마음을 진정시키다",You need to get it together before the big presentation.
fart,/fɑrt/,"지겨운 인간, 멍청한 인간",That grumpy old fart never says hello to anyone.
fart,/fɑrt/,방귀를 뀌다,He accidentally farted loudly during the quiet meeting.
intrigue,/ɪnˈtriɡ/,"강한 흥미를 불러일으키다, 호기심을 동하게 만들다",The mysterious letter intrigued her immediately.
intrigue,/ˈɪntriɡ/,"음모, 모의",The novel is full of political intrigue and betrayal.
lactose,/ˈlæktoʊs/,"(화학에서) 젖당, 락토오스",Many people cannot digest lactose found in milk.
self-respect,/ˌsɛlf rɪˈspɛkt/,"자기 존중, 자존심",She kept her self-respect even in difficult times.
brand new,/ˌbrænd ˈnu/,"완전 새것인, 신품의",He proudly showed off his brand new sports car.
frustrate,/ˈfrʌstreɪt/,"좌절감을 주다, 불만스럽게 만들다, 실망시키다",The constant delays really frustrate the daily commuters.
lame,/leɪm/,"구차한, 설득력이 없는, 믿기 힘든",That's a pretty lame excuse for being late again.
lame,/leɪm/,"구린, 촌스러운, 한심한, 찌질한",The party was so lame that we left early.
cardio,/ˈkɑrdioʊ/,"심장 강화 운동, 유산소 운동",She does thirty minutes of cardio every morning.
tuck ~ in,,"집어 넣다 <셔츠를 바지 안으로, 바지를 양말 안으로 집어 넣는 것>",Please tuck in your shirt before the interview.
stammer,/ˈstæmər/,말을 더듬다,He began to stammer when the teacher called on him.
school up,,(물고기가) 수면 가까이에 모여들다,The tiny fish school up near the surface at dawn.
anchovy,/ˈæntʃoʊvi/,멸치,She added a few salty anchovies to the pizza.
surmount,/sərˈmaʊnt/,"(어려움, 장애 등을) ~을 극복하다 <격식 있는 표현>","With effort, they surmounted every obstacle in their path."
devour,/dɪˈvaʊər/,(특히 몹시 배가 고파서) 걸신 들린 듯 먹다,The hungry children devoured the whole pizza in minutes.
snap out of it,,"기운을 차리다, 정신을 차리다 <부정적인 상황이나 기분에서 벗어날 때 쓰는 표현>",Stop moping and snap out of it already!
rustic,/ˈrʌstɪk/,"시골풍의, 시골 특유의, 소박한 <긍정적인 어감>","The cabin had a charming, rustic appearance."
dare,/dɛr/,"도전, 도전 과제",He accepted the dare to jump into the cold lake.
nemesis,/ˈnɛməsɪs/,"오랜 적수, 최대의 적",The detective finally confronted his old nemesis.
disguise,/dɪsˈɡaɪz/,"위장하다, 숨기다",She tried to disguise her disappointment with a smile.
cost,/kɔst/,"~을 희생시키다, ~을 잃게 하다",One careless mistake cost him his job.
get out of ~,,"(책임, 임무 등에서) ~에서 벗어나다, 회피하다",He always tries to get out of doing the dishes.
get out,,"설마!, 말도 안 돼!, 뻥 치지 마! <믿을 수 없을 정도의 일이라는 뜻>","You won the lottery? Get out, that's incredible!"
toast,/toʊst/,"건배사, 건배 제의, 건배 <건배사를 포함하는 건배의 전 과정>",He raised his glass and gave a heartfelt toast.
confine,/kənˈfaɪn/,"넣다, 가두다",The prisoners were confined to their cells all day.
confine,/kənˈfaɪn/,가두다,They confined the dog to the backyard for safety.
keep up with ~,,(연습이 필요한 일을) ~을 꾸준히 계속하다,It's hard to keep up with piano practice while working.
the other way around,,(상황이) 반대로,"I thought she called him, but it was the other way around."
smock,/smɑk/,"작업복, 덧옷",The artist wore a paint-stained smock while working.
din,/dɪn/,(오래 계속되는 크고 불쾌한) 소음,The din of the traffic kept me awake all night.
every single day,,단 하루도 빠짐없이 매일,She exercises every single day without any exception.
blush,/blʌʃ/,"얼굴을 붉히다, 얼굴이 빨개지다",She began to blush when he complimented her dress.
gymnastics,/dʒɪmˈnæstɪks/,체조,She has practiced gymnastics since she was five years old.
orally,/ˈɔrəli/,"구두로, 입을 통해서",The medication should be taken orally twice a day.
jet lag,/ˈdʒɛt ˌlæɡ/,시차증 <비행기 여행시 시차로 인한 피로감>,"After the long flight, he suffered from severe jet lag."
rustle,/ˈrʌsəl/,바스락거리는 소리,We heard the rustle of leaves in the evening wind.
miserable,/ˈmɪzərəbəl/,"항상 불평불만이 많은, 성질 나쁜, 항상 기분이 안 좋은 <망나니처럼 성격이 안 좋은 사람을 가리킬 때>",That miserable old man complains about absolutely everything.
~ and stuff,,~같은 것 <비격식. 구어체>,We bought snacks and drinks and stuff for the party.
off beat,/ˈɔf ˌbit/,엇박 <정박에 속하지 않은 박자>,The drummer cleverly emphasized the off beat in the song.
huggable,/ˈhʌɡəbəl/,"껴안고 싶은, 껴안고 싶은 마음이 드는",The teddy bear was soft and incredibly huggable.
rehab,/ˈrihæb/,"재활, 갱생 <마약 약물 중독, 질병, 장애 등으로부터 회복하는 과정>",He spent three months in rehab to overcome his addiction.
load up,,"(비유적으로) (~을) 많이 섭취하다, 잔뜩 먹다",Don't load up on bread before the main course arrives.
maneuver,/məˈnuvər/,"~을 잘 조종하다, ~을 잘 조종해서 이동시키다",She carefully maneuvered the car into the tight space.
maneuver,/məˈnuvər/,"묘책, 계책, 술책",It was a clever maneuver to win the negotiation.
hygiene,/ˈhaɪdʒin/,위생,Good personal hygiene helps prevent the spread of germs.
feat,/fit/,"(뛰어난) 솜씨, 재주, 위업, 개가 <호감>",Climbing that mountain alone was an impressive feat.
aviation,/ˌeɪviˈeɪʃən/,"항공, 항공술",He has worked in the aviation industry for decades.
tyranny,/ˈtɪrəni/,횡포,The people rose up against the king's tyranny.
bribery,/ˈbraɪbəri/,뇌물 수수,The official was arrested on charges of bribery.
make up,,(~와) 화해하다,The couple argued but quickly made up afterward.
apologetic,/əˌpɑləˈdʒɛtɪk/,"미안해하는, 사과하는",He sent an apologetic email for missing the meeting.
patronizing,/ˈpeɪtrənaɪzɪŋ/,"잘난 체하는, 윗사람인 체하는",I found his patronizing tone extremely annoying.
threshold,/ˈθrɛʃhoʊld/,문지방,She paused at the threshold before entering the room.
what goes around comes around,,"남에게 한 대로 되받게 되는 법, 뿌린 대로 거두는 법","Be kind to others, because what goes around comes around."
nod off,,(의도치 않게) 깜빡 졸다,He kept nodding off during the boring afternoon lecture.
in the limelight,,"각광을 받아, 세상의 주목을 받아, 주목의 표적이 되어",The young singer suddenly found herself in the limelight.
phenomenal,/fəˈnɑmənəl/,"경이적인, 경탄스러운",The team's performance this season has been phenomenal.
hope for the best,,"잘 되기를 바라다 <잘못될 수 있다는 걸 알지만, 그래도 좋은 결과를 바라는 것>",We prepared for the worst but hoped for the best.
minion,/ˈmɪnjən/,"하인, 심복, 하수인, 아랫것",The villain ordered his minions to attack the city.
reckless,/ˈrɛkləs/,"무모한, 신중하지 못한",His reckless driving nearly caused a serious accident.
reindeer,/ˈreɪndɪr/,순록,Santa's sleigh is pulled by nine flying reindeer.
retreat,/rɪˈtrit/,"(회사나 조직에서 하는) 야유회, 단합 대회",The company organized a weekend retreat for the staff.
prominent,/ˈprɑmɪnənt/,"중요한, 저명한, 유명한",She is a prominent figure in the scientific community.
impassable,/ɪmˈpæsəbəl/,"(도로, 지역 등이) 통행할 수 없는, 폐쇄된",Heavy snow made the mountain roads impassable.
stump,/stʌmp/,"당황하게 하다, 쩔쩔매게 하다 <주로 수동태로 씀>",The difficult riddle completely stumped everyone in class.
anguish,/ˈæŋɡwɪʃ/,"(극심한) 괴로움, 비통 <격식>",Her face was filled with anguish at the sad news.
largely,/ˈlɑrdʒli/,"대체로, 주로",The project's success was largely due to great teamwork.
in turn,,"결국, 결과적으로","Higher costs led to higher prices, which in turn reduced sales."
as to ~,,"~에 관해서는, ~에 관해서, ~은",There was some confusion as to who was responsible.
cruel,/ˈkruəl/,"(사람, 사람의 행동이) 잔혹한, 잔인한",It was cruel of him to mock her in front of everyone.
cruel,/ˈkruəl/,"(상황이) 고통스러운, 괴로운, 잔인한","By a cruel twist of fate, they missed the last train."
mesmerizing,/ˈmɛzməraɪzɪŋ/,"완전 넋을 빼놓는, 입이 떡 벌어지는",The dancer's graceful movements were absolutely mesmerizing.
invincible,/ɪnˈvɪnsəbəl/,"무적의, 불패의, 아무도 꺾을 수 없는",The champion felt invincible after his tenth straight victory.
abbreviation,/əˌbriviˈeɪʃən/,"(단어, 어구 등의) 축약형, 줄임말",'Dr.' is a common abbreviation for the word 'doctor'.
abbreviation,/əˌbriviˈeɪʃən/,축약 <셀 수 없는 명사>,The heavy use of abbreviation makes the text hard to read.
point taken,,"알겠다, 당신 말이 옳다 <상대의 말이나 의견을 이해하고 받아들일 때 쓰는 표현>",Point taken; I'll be more careful next time.
plantation,/plænˈteɪʃən/,농장,They grew coffee on a large plantation in the hills.
hinge on ~,,전적으로 ~에 달려 있다,The whole plan hinges on getting enough funding.
goosebumps,/ˈɡusbʌmps/,(춥거나 무섭거나 할 때 돋는) 소름,The scary movie gave me goosebumps all over.
under the weather,,몸이 좀 안 좋은,I'm feeling a bit under the weather today.
clam up,,"입을 꼭 다물다, 말을 안 하다",He tends to clam up whenever he's asked personal questions.
contradict,/ˌkɑntrəˈdɪkt/,"부정하다, 부인하다, 반박하다",The witness's story seemed to contradict the earlier evidence.
repression,/rɪˈprɛʃən/,"(감정, 욕구를) 억누름, 억압",Years of emotional repression finally took a toll on him.
bullfight,/ˈbʊlfaɪt/,투우,They watched a traditional bullfight while visiting Spain.
nail,/neɪl/,"~을 이뤄 내다, ~을 완벽하게 해내다",She really nailed the presentation this morning.
selective,/sɪˈlɛktɪv/,"신중하게 고르는, 까다로운",He is very selective about the friends he keeps.
infer,/ɪnˈfɜr/,"암시하다, 간접적으로 말하다 <비표준적 표현>",Are you inferring that I am lying to you?
infer,/ɪnˈfɜr/,추론하다,"From her tone, I inferred that she was upset."
weirdo,/ˈwɪrdoʊ/,"괴짜, 별난 사람",Everyone at school thought he was a weirdo because of his strange habits.
give ~ away,,"(비밀을) 누설하다, 드러내다",Her nervous laugh gave away the secret she was trying to hide.
couldn't agree more,,전적으로 동의하다,I couldn't agree more with your plan to leave early tomorrow.
arousal,/əˈraʊzəl/,"자극, 흥분",The film explored themes of fear and physical arousal in great detail.
shin,/ʃɪn/,정강이,I bumped my shin against the coffee table in the dark.
on fire,,장난 아니게 잘하는,"The basketball player was on fire, scoring thirty points last night."
swift,/swɪft/,"(일, 진행 등이) 신속한, 재빠른",The company gave a swift response to the customer's complaint.
swift,/swɪft/,"(움직임이) 빠른, 날쌘","With one swift movement, the cat caught the falling toy."
sit back,,"(의자, 소파 등에) 편안히 앉다",Just sit back and relax while I prepare dinner for everyone.
on the ground,,"현장에서, 현지에서",Our reporters on the ground described the chaotic scene vividly.
glamorous,/ˈɡlæmərəs/,"화려한, 매력이 넘치는",She looked absolutely glamorous in her sparkling evening gown.
second-hand,/ˌsɛkəndˈhænd/,"(뉴스, 정보 등이) 간접적으로, 전해 들어서","I only heard the news second-hand, so it might not be accurate."
receptive,/rɪˈsɛptɪv/,"수용적인, 선뜻 받아들이는",The manager was receptive to new ideas from her team.
run ~ over,,"(사람, 동물을 차량이) 깔아뭉개다, 치다",The careless driver almost ran over a dog crossing the street.
peculiar,/pɪˈkjuljər/,"특이한, 독특한 <이상하거나 일반적이지 않다는 뜻>",There was a peculiar smell coming from the abandoned kitchen.
bust,/bʌst/,"(경찰 등이) ~를 체포하다, 잡다",The police busted the gang for smuggling illegal goods.
bust,/bʌst/,실패작,The expensive movie was a complete bust at the box office.
nuisance,/ˈnuːsəns/,"성가신 사람, 귀찮은 일, 골칫거리",The constant noise from construction is a real nuisance.
butterflies in one's stomach,,"마음이 조마조마함, 불안감, 흥분됨, 설렘 <미국 속어. 부정적, 긍정적 감정 모두에 쓸 수 있음>",I had butterflies in my stomach before my big presentation.
get through,,(전화로) (~와) 연락이 되다,I tried calling all morning but couldn't get through to her.
compound,/ˈkɑːmpaʊnd/,(문법에서) 합성어,The word 'toothbrush' is a compound made from two nouns.
year-over-year,/ˌjɪr oʊvər ˈjɪr/,"전년대비, 전년동기대비","Sales increased fifteen percent year-over-year, impressing the investors."
pointless,/ˈpɔɪntləs/,"할 이유가 없는, 할 가치가 없는",It's pointless to argue with him once he's made up his mind.
execute,/ˈɛksɪkjuːt/,(기교가 많이 필요한 기술적인 동작을) 해내다,The gymnast executed a perfect landing after her difficult routine.
potassium,/pəˈtæsiəm/,"칼륨, 포타슘 <원소기호: K>",Bananas are an excellent source of potassium and other nutrients.
tremendous,/trɪˈmɛndəs/,"굉장한, 기막힌, 엄청나게 훌륭한 <매우 좋거나 매우 인상적이라는 뜻>",She showed tremendous courage during the difficult rescue mission.
tingle,/ˈtɪŋɡəl/,"(신체 부위가) 따끔거리다, 따끔따끔하다",My fingers began to tingle after the cold winter walk.
tingle,/ˈtɪŋɡəl/,"따끔거림, 얼얼함",I felt a strange tingle run down my spine.
preference,/ˈprɛfərəns/,"(~에 대한) 선호, 취향, 선호도 <셀 수 없는 명사 또는 단수형으로 씀>",She has a strong preference for tea over coffee.
nutrient,/ˈnuːtriənt/,"영양소, 영양분",Fresh vegetables provide many nutrients essential for good health.
diverse,/dɪˈvɜːrs/,"다양한, 다채로운, 서로 다른",The city is home to a diverse mix of cultures.
to save one's life,,"죽어도, 죽었다 깨어나도, 아무리 해도, 절대로 <무언가에 매우 서툴다는 것을 강조할 때 씀>",He couldn't sing in tune to save his life.
that's how things are,,원래 그런 거다,You can't always get what you want; that's how things are.
antagonize,/ænˈtæɡənaɪz/,"~의 반감을 사다, ~을 적으로 만들다, 적개심을 품게 하다",Try not to antagonize your coworkers with harsh criticism.
bump,/bʌmp/,"(부딪치거나 맞아서 생긴) 혹, 타박상",She had a painful bump on her forehead after the fall.
bump,/bʌmp/,(~에) 부딪치다,I accidentally bumped into the shelf and knocked over a vase.
ring in ~,,(새해 등을) 맞이하다 <뭔가의 시작을 기념 또는 축하한다는 뜻>,We rang in the new year with fireworks and champagne.
back and forth,,왔다 갔다,The debaters argued back and forth for nearly an hour.
barf,/bɑːrf/,토하다,He felt so sick on the boat that he almost barfed.
sicken,/ˈsɪkən/,역겹게 만들다,The cruel treatment of the animals sickened everyone who watched.
get off easy,,"가벼운 처벌로 끝나다, 큰 벌을 면하다",He got off easy with just a warning from the judge.
for a rainy day,,"비오는 날을 위하여, 만일의 경우에 대비하여",She saves a little money each month for a rainy day.
pursue,/pərˈsuː/,"(목표, 특정한 결과 등을) 추구하다",She decided to pursue a career in medicine after college.
pursue,/pərˈsuː/,"해나가다, 종사하다",He continued to pursue his studies while working full-time.
torso,/ˈtɔːrsoʊ/,"몸통, 동체",The artist sketched the model's torso with careful detail.
haze,/heɪz/,"연무, 실안개",A thin haze hung over the valley early that morning.
spice,/spaɪs/,"~에 양념을 치다, 향신료를 치다, ~을 양념하다",She likes to spice her soup with plenty of black pepper.
over the hill,,"(사람이) 한물간, 퇴물이 된","At forty, he jokingly claims he's already over the hill."
club,/klʌb/,"몽둥이, 곤봉",The guard carried a heavy wooden club to defend the gate.
expertise,/ˌɛkspərˈtiːz/,"전문 지식, 전문 기술",Her expertise in software design made her invaluable to the company.
cardiac,/ˈkɑːrdiæk/,"심장의, 심장병의",The patient was rushed to the hospital with cardiac problems.
obsess,/əbˈsɛs/,"(~에 대해) 집착하다, 강박감을 느끼다",She tends to obsess over tiny mistakes in her work.
nearsighted,/ˈnɪrsaɪtɪd/,근시의 <주로 미국에서 쓰는 표현>,"Being nearsighted, he can't read street signs from far away."
pretrial,/ˌpriːˈtraɪəl/,"재판 전의, 공판 전의",The lawyers met for a pretrial hearing before the case began.
sour,/ˈsaʊər/,"(특히 우유가) 상한, 시큼한",The milk turned sour after being left out overnight.
catch,/kætʃ/,"(숨은) 문제점, 애로점 <주로 단수형으로 씀>","The offer sounds great, but there must be a catch somewhere."
catch,/kætʃ/,"(~에) ~을 끼이게 하다, ~을 걸리게 하다, ~이 들러붙게 하다",She caught her sleeve on the door handle and tore it.
downplay,/ˌdaʊnˈpleɪ/,"~이 별것 아닌 것처럼 보이게 하려 하다, 폄하하다",The manager tried to downplay the seriousness of the problem.
sarcasm,/ˈsɑːrkæzəm/,"빈정댐, 비꼼",His comment was dripping with sarcasm about the failed project.
derail,/dɪˈreɪl/,(기차를) 탈선시키다,The heavy storm caused the train to derail near the bridge.
prevail on ~,,~를 설득하다,I finally prevailed on my father to lend me the car.
Prague,/prɑːɡ/,프라하 <체코의 수도>,We spent a wonderful week exploring the old streets of Prague.
deposit slip,/dɪˈpɑːzɪt slɪp/,"(은행의) 예금 전표, 예입 전표",Fill out the deposit slip before handing your money to the teller.
chill,/tʃɪl/,느긋한 시간을 보내다,We just want to chill at home and watch movies tonight.
chill,/tʃɪl/,"느긋한, 여유 있는",He has a chill attitude that puts everyone at ease.
black sheep,/ˌblæk ˈʃiːp/,"(집안이나 조직의) 골칫덩어리, 말썽꾼",He was always the black sheep of his conservative family.
gravely,/ˈɡreɪvli/,"심각하게, 중대하게",The soldier was gravely wounded during the fierce battle.
entertain,/ˌɛntərˈteɪn/,"(특히 집에서 손님을) 대접하다, 접대하다",They love to entertain guests with elaborate dinners on weekends.
gut,/ɡʌt/,"(특히 화재로 건물, 방의) 내부를 파괴하다",The fire completely gutted the historic old building downtown.
gut,/ɡʌt/,(특히 동물의) 내장 <복수형으로 씀>,The fisherman removed the guts before cooking the fresh fish.
gut,/ɡʌt/,"직감, 본능, 감정",My gut told me something was wrong about the deal.
sweat it,,"걱정하다, 고민하다",Don't sweat it; we'll finish the project on time.
sound asleep,,깊이 잠든,The baby was sound asleep before the movie even ended.
implement,/ˈɪmpləmɛnt/,시행하다,The school will implement new safety rules starting next month.
subtle,/ˈsʌtəl/,미묘한,There was a subtle difference between the two paintings.
wussy,/ˈwʊsi/,"겁쟁이, 연약한 사내",Don't be such a wussy; the roller coaster is perfectly safe.
on a budget,,"한정된 예산으로, 예산이 많지 않은, 형편이 빠듯한","We traveled through Europe on a budget, staying in cheap hostels."
bonfire,/ˈbɑːnfaɪər/,모닥불,We gathered around the bonfire and told stories all night.
overthrow,/ˌoʊvərˈθroʊ/,"(지도자, 정부를) 타도하다, 전복시키다",The rebels planned to overthrow the corrupt government by force.
pragmatically,/præɡˈmætɪkli/,"실용적으로, 실용주의적으로","She approached the crisis pragmatically, focusing on realistic solutions."
grunt,/ɡrʌnt/,끙 하고 앓는 소리를 내다,He grunted with effort as he lifted the heavy box.
contraception,/ˌkɑːntrəˈsɛpʃən/,피임,The clinic offers free advice about various forms of contraception.
hunch,/hʌntʃ/,~을 구부리다,He tends to hunch his shoulders when he feels nervous.
sophomore,/ˈsɑːfəmɔːr/,(고등학교나 4년제 대학의) 2학년생,"As a sophomore, she already leads the university debate team."
edification,/ˌɛdɪfɪˈkeɪʃən/,"교화, 의식 고양 <격식 또는 유머>",The lecture was presented for the edification of young students.
imprudent,/ɪmˈpruːdənt/,"현명하지 못한, 경솔한 <격식>",It would be imprudent to invest all your savings in one stock.
rigor,/ˈrɪɡər/,혹독함 <복수형으로 씀>,The soldiers endured the rigors of training in harsh weather.
invoke,/ɪnˈvoʊk/,"(법, 규칙 등을) 행사하다, 적용하다, 발동하다",The president may invoke emergency powers during a national crisis.
dusk,/dʌsk/,"황혼, 땅거미 <해가 진 뒤의 어스름>",The streetlights flickered on as dusk settled over the town.
round ~ up,,"(경찰, 군인이) ~을 찾아 체포하다",Police rounded up several suspects after the robbery downtown.
think on one's feet,,순간적으로 판단하다,A good salesperson must think on their feet during tough negotiations.
pariah,/pəˈraɪə/,"(사회에서) 버림받은 사람, 사회적 왕따","After the scandal, he became a social pariah in his hometown."
alongside,/əˌlɔːŋˈsaɪd/,"~와 함께, ~와 동시에",She worked alongside her mentor on the groundbreaking research project.
trash can,/ˈtræʃ kæn/,쓰레기통,Please throw the empty bottles into the trash can outside.
dump,/dʌmp/,(필요 없어진 것 등을) 버리다,They illegally dumped old furniture beside the quiet country road.
dump,/dʌmp/,(애인을) 차다,She dumped her boyfriend after discovering he had lied.
intrusive,/ɪnˈtruːsɪv/,거슬리는,The reporter's intrusive questions made the actress very uncomfortable.
redemptive,/rɪˈdɛmptɪv/,구원하는,The novel tells a redemptive story of forgiveness and second chances.
get off the ground,,"잘 되기 시작하다, 성공하기 시작하다",The new business finally got off the ground after months of planning.
airsickness,/ˈɛrsɪknəs/,비행기 멀미,She suffered from airsickness during the bumpy flight home.
flattery,/ˈflætəri/,아첨,His obvious flattery didn't fool the experienced manager at all.
pledge,/plɛdʒ/,"(정식으로) 약속하다, 맹세하다",The candidates pledged to reduce taxes if they were elected.
pledge,/plɛdʒ/,"(굳은) 약속, 맹세, 서약",She made a solemn pledge to protect the environment.
snotnosed,/ˈsnɑːtnoʊzd/,코흘리개인,The snotnosed kid kept interrupting the adults during dinner.
get into ~,,"(전문직종, 학교 등에) ~에 들어가다",She worked hard to get into a prestigious law school.
get into ~,,(특정한 상태에) 처하다,How did we get into such a complicated situation in the first place?
antibiotic,/ˌæntibaɪˈɑːtɪk/,"항생제, 항생물질 <주로 복수형으로 씀>",The doctor prescribed antibiotics to treat his throat infection.
listless,/ˈlɪstləs/,"힘이 없는, 무기력한",The hot afternoon left the children feeling listless and bored.
unequivocally,/ˌʌnɪˈkwɪvəkli/,"분명히, 명백히, 모호하지 않게",She unequivocally denied any involvement in the scandal.
venture,/ˈvɛntʃər/,조심스럽게 말하다 <문어체>,May I venture a suggestion about how to improve the plan?
stalk,/stɔːk/,"쫓아다니며 괴롭히다, 스토킹하다",The obsessed fan began to stalk the famous singer online.
nectarine,/ˈnɛktəriːn/,천도복숭아,She bit into a juicy nectarine on the warm afternoon.
nifty,/ˈnɪfti/,"솜씨 좋은, 훌륭한",He showed me a nifty trick for folding shirts quickly.
nifty,/ˈnɪfti/,"실용적인, 쓰기 좋은 <물건 등이 흥미롭거나 사용하기 편리하다는 뜻>",This nifty little gadget makes opening jars so much easier.
blister,/ˈblɪstər/,"물집, 수포",The new shoes gave her a painful blister on her heel.
full of oneself,,"자만심에 차 있는, 거만한","Ever since his promotion, he's been so full of himself."
extrovert,/ˈɛkstrəvɜːrt/,외향적인,"As an extrovert, she thrives at large, lively parties."
mite,/maɪt/,진드기,Dust mites can trigger allergies in especially sensitive people.
flatter,/ˈflætər/,"아부하다, 아첨하다",He tried to flatter the boss to get a promotion.
pick-me-up,/ˈpɪk mi ʌp/,"기운을 차리게 해 주는 것, 기분이 좋아지게 해 주는 것 <비격식적인 표현>",A strong cup of coffee is a great pick-me-up in the morning.
bowling alley,/ˈboʊlɪŋ ˌæli/,볼링장,We spent Friday night having fun at the local bowling alley.
thorax,/ˈθɔːræks/,"(곤충의) 흉부, 가슴",An insect's legs are all attached to its thorax.
negatory,/ˈnɛɡətɔːri/,"부정적인, 반대적인",The pilot gave a negatory response to the control tower.
pretense,/ˈpriːtɛns/,"~인 척함, 가식","Under the pretense of friendship, he gathered private information."
staple,/ˈsteɪpəl/,"주요 식품, 주식(主食)",Rice is a staple in many Asian households.
subliminal,/səbˈlɪmɪnəl/,"부지불식간에 영향을 미치는, 잠재의식의",The ad used subliminal messages to influence shoppers' choices.
prelude,/ˈprɛljuːd/,"(더 중요한 일의) (~의) 서막, 전조",The minor conflict was merely a prelude to a larger war.
reproach,/rɪˈproʊtʃ/,"(실망하여) 비난하다, 책망하다",She reproached him for forgetting their anniversary again.
reproach,/rɪˈproʊtʃ/,"비난, 책망, 나무람",His voice was full of reproach when he spoke to me.
white water,/ˌwaɪt ˈwɔːtər/,(하얗게 부서지는) 급류,The rafters paddled bravely through the roaring white water.
wispy,/ˈwɪspi/,"(구름이) 성긴, 희미한","Thin, wispy clouds drifted across the pale evening sky."
off year,/ˌɔːf ˈjɪr/,"중요 선거가 없는 해, 대통령 선거가 없는 해",Voter turnout is usually lower during an off year election.
bowel,/ˈbaʊəl/,"창자, 장",The doctor examined his bowel for signs of disease.
fit,/fɪt/,(병으로 인한) 발작,The patient suffered a sudden fit and collapsed on the floor.
unparalleled,/ʌnˈpærəlɛld/,"비교가 불가능한, 비할 데 없는",The pianist performed with unparalleled skill and passion.
seraphic,/səˈræfɪk/,"천사 같은, 천사처럼 아름답고 순수한 <문학적 표현>",The child had a seraphic smile that melted everyone's heart.
et cetera,,"기타 등등, ~ 따위 <글로 적을 때는 주로 etc.로 줄여서 씀>","Bring pens, paper, notebooks, et cetera, to the workshop."
opponent,/əˈpoʊnənt/,"(게임, 대회, 논쟁 등의) 상대",She studied her opponent's moves carefully before the match.
in a jiff,,"곧바로, 후딱, 즉시, 당장 <비격식적인 표현>",Wait here; I'll be back in a jiff with your coffee.
blabbermouth,/ˈblæbərmaʊθ/,"입이 싼 사람, 말이 많은 사람",Don't tell him the secret; he's a total blabbermouth.
amble,/ˈæmbəl/,"천천히 걸어가다, 여유롭게 걷다",They ambled along the beach as the sun slowly set.
devout,/dɪˈvaʊt/,(사람이) 독실한,Her devout grandmother attends church every single morning.
root beer,/ˈruːt bɪr/,루트 비어 <식물 뿌리로 만든 알코올 성분이 거의 없는 탄산음료>,The kids ordered root beer floats at the old diner.
compulsory,/kəmˈpʌlsəri/,"(법이나 규정에 의해) 강제된, 의무적인, 필수의",Wearing a seatbelt is compulsory for all passengers in the car.
no go,,"안 되는 것, 불가능한 일",The plan to expand overseas turned out to be a no go.
come at a cost,,대가가 따르다,Success often comes at a cost to your personal life.
smother,/ˈsmʌðər/,(지나친 집착이나 과보호 등으로) 숨 막히게 하다,Her constant worrying began to smother her teenage son.
tend,/tɛnd/,"돌보다, 보살피다",The shepherd tended his flock on the green hillside.
remorse,/rɪˈmɔːrs/,"회한, 후회",He felt deep remorse for the pain he had caused.
entitle,/ɪnˈtaɪtəl/,"(~에 대한) 자격을 주다, 권리를 주다",This ticket entitles you to a free drink at the bar.
serial killer,/ˈsɪriəl ˈkɪlər/,연쇄 살인범,The detective spent years hunting the notorious serial killer.
resemblance,/rɪˈzɛmbləns/,"닮음, 비슷함, 유사함",The boy bears a striking resemblance to his late grandfather.
elegant,/ˈɛlɪɡənt/,"(사람의 외모, 분위기, 스타일 등이) 우아한",She wore an elegant black dress to the charity gala.
suspend,/səˈspɛnd/,"(공식적으로) 유예하다, 중단하다",The referee decided to suspend the match due to heavy rain.
suspend,/səˈspɛnd/,"(허가, 면허 등을) 정지시키다",Authorities will suspend his driver's license after the accident.
suspend,/səˈspɛnd/,"정직시키다, 정학시키다",The school decided to suspend the student for cheating.
non-disclosure agreement,/ˌnɑːn dɪsˈkloʊʒər əˈɡriːmənt/,"비밀 유지 계약, 비밀 유지 계약서",Every new employee must sign a non-disclosure agreement before starting.
offbeat,/ˈɔːfbiːt/,"색다른, 엉뚱한, 별난",The film's offbeat humor appealed to a small but loyal audience.
tranquilizer,/ˈtræŋkwɪlaɪzər/,"진정제, 신경 안정제",The vet gave the frightened dog a mild tranquilizer.
remnant,/ˈrɛmnənt/,"남은, 나머지의",A few remnants of the old castle still stand today.
indulge,/ɪnˈdʌldʒ/,"~가 제멋대로 하게 하다, ~가 갖고 싶은 대로 갖게 하다",Her grandparents love to indulge the children with sweets.
suspender,/səˈspɛndər/,멜빵 <미국 영어. 복수형으로 씀>,He wore bright red suspenders to hold up his trousers.
irritatingly,/ˈɪrɪteɪtɪŋli/,"짜증나게 하여, 귀찮아서, 짜증스러울 정도로",The song was irritatingly catchy and stuck in my head all day.
distraction,/dɪˈstrækʃən/,"머리를 식히게 해 주는 것, 기분 전환, 오락",Playing video games was a welcome distraction from his worries.
distraction,/dɪˈstrækʃən/,집중을 방해하는 것,The loud music was a constant distraction while I studied.
head-on,/ˌhɛdˈɑːn/,정면으로,The two cars collided head-on at the busy intersection.
twig,/twɪɡ/,(나무의) 잔가지,The bird carefully built its nest from small twigs.
perfect pitch,/ˌpɜːrfɪkt ˈpɪtʃ/,절대 음감 <음악 용어>,Musicians with perfect pitch can name any note instantly.
arson,/ˈɑːrsən/,방화,The fire investigator suspected arson after finding gasoline traces.
alluring,/əˈlʊrɪŋ/,(신비롭고) 매혹적인,The resort's brochure painted an alluring picture of tropical beaches.
congruent,/ˈkɑːŋɡruənt/,합동의 <기하학에서 크기와 형태가 동일함을 뜻함>,The two triangles are congruent in both size and shape.
defunct,/dɪˈfʌŋkt/,"현존하지 않는, 기능이 정지된, 쓰이지 않게 된",They discovered old records from a defunct railway company.
sadden,/ˈsædən/,슬프게 하다,The news of his death saddened the entire community.
cowardice,/ˈkaʊərdɪs/,"겁, 비겁",He was deeply ashamed of his cowardice during the emergency.
tip,/tɪp/,"~에게 기밀 정보를 제공하다, 몰래 귀띔해주다",An anonymous caller tipped the police about the robbery.
bogus,/ˈboʊɡəs/,"가짜의, 위조의, 허위의",The salesman gave us a bogus phone number and disappeared.
refute,/rɪˈfjuːt/,부인하다,She quickly refuted the accusations made against her.
counteract,/ˌkaʊntərˈækt/,"대응하다, 중화하다 <반대되는 효과를 일으켜서 대상의 영향을 줄이거나 없애다>",The medicine helps counteract the effects of the poison.
fold,/foʊld/,"접다, 중단하다, 포기하다",The small company was forced to fold after losing its biggest client.
interrogation,/ɪnˌtɛrəˈɡeɪʃən/,"질문, 심문, 의문",The suspect remained silent throughout the long interrogation.
helpless,/ˈhɛlpləs/,"(감정을) 참지 못하는, 감당하지 못하는",She was helpless with laughter at his ridiculous joke.
disrespect,/ˌdɪsrɪˈspɛkt/,"~에게 무례한 짓을 하다, ~을 경멸하다",Never disrespect your elders in front of the whole family.
ghetto fabulous,,명품족의 <별로 부자도 아니면서 유명브랜드 가방이나 옷을 걸치고 다니는>,He showed up in a ghetto fabulous outfit dripping with fake gold.
exaggerated,/ɪɡˈzædʒəreɪtɪd/,"과장된, 부풀린, 지나친",The report gave an exaggerated account of the minor incident.
schematic,/skɪˈmætɪk/,"개략도, 개념도, 전기 배선도",The engineer studied the schematic before repairing the circuit.
inebriated,/ɪˈniːbrieɪtɪd/,술에 취한 <격식 있는 표현>,The inebriated guest stumbled clumsily toward the exit.
surveillance,/sərˈveɪləns/,감시,The building is under constant surveillance by security cameras.
urge,/ɜːrdʒ/,"(강한) 욕구, 충동",She felt a sudden urge to call her old friend.
urge,/ɜːrdʒ/,"(~하라고) ~에게 강력히 권하다, 열심히 설득하다 <목적어 뒤에 to부정사를 씀>",Doctors urge patients to exercise regularly for better health.
manifest,/ˈmænɪfɛst/,"탑승객 명부, 탑승자 명단, 적하 목록, 화물 목록 <전문 용어>",The ship's manifest listed every crate of cargo aboard.
inexplicable,/ˌɪnɪkˈsplɪkəbəl/,"불가해한, 설명할 수 없는","For some inexplicable reason, the machine suddenly stopped working."
tortilla,/tɔːrˈtiːjə/,토르티야 <둥글고 얇게 구운 멕시코식 빵. 주로 옥수수나 밀가루로 만든다>,She wrapped the grilled chicken in a warm tortilla.
civil servant,/ˌsɪvəl ˈsɜːrvənt/,공무원,"As a civil servant, he processed passport applications every day."
parasite,/ˈpærəsaɪt/,기생충 <남에게 빌붙어 사는 사람을 비유적으로 표현할 때도 씀>,The doctor found a parasite living in the patient's intestine.
dictate,/ˈdɪkteɪt/,"명령, 규칙, 요구 <격식 있는 표현. 주로 복수형으로 씀>",We must follow the dictates of our conscience in this matter.
extortion,/ɪkˈstɔːrʃən/,(금전 따위의) 갈취,The gang was arrested for extortion and money laundering.
recap,/ˈriːkæp/,"(이미 한 말, 결정 사항 등을) 요약하다",Let me recap the main points before we finish the meeting.
outpatient,/ˈaʊtpeɪʃənt/,(병원의) 외래 환자,He was treated as an outpatient and went home the same day.
swamped,/swɑːmpt/,눈코 뜰 새 없이 바쁜,I'm completely swamped with work this week and can't join you.
pastime,/ˈpæstaɪm/,"취미, 여가 활동",Fishing is his favorite pastime on lazy summer weekends.
vulnerable,/ˈvʌlnərəbəl/,"(~에) 취약한, 연약한 <신체적, 정서적으로 상처받기 쉬움>",Newborn babies are especially vulnerable to infections and cold weather.
amen,/ˌeɪˈmɛn/,"전적으로 동감해, 그 말이 맞다","Amen to that, my friend, you couldn't have said it better."
solemn,/ˈsɑːləm/,"엄숙한, 근엄한",The judge spoke in a solemn voice as she read the verdict.
adolescence,/ˌædəˈlɛsəns/,청소년기,Many people struggle with self-esteem during their adolescence.
scar,/skɑːr/,"(피부에 생긴) 흉터, 반흔, 상흔",He still has a small scar on his forehead from the accident.
scar,/skɑːr/,(상처 등이) 흉터를 남기다,The burn was so deep that it would scar his arm forever.
inscription,/ɪnˈskrɪpʃən/,"(책, 금속, 돌 등에) 새겨진 글, 명문(銘文) <셀 수 있는 명사>",The old ring had a tiny inscription engraved on the inside.
runner-up,/ˌrʌnərˈʌp/,"(경주, 대회에서) 1위 외의 입상자",She finished as the runner-up in the national piano competition.
law enforcement,/ˌlɔː ɪnˈfɔːrsmənt/,사법 당국 <경찰을 비롯한 치안 조직을 일컫는 말>,Local law enforcement worked together to catch the suspect quickly.
resolution,/ˌrɛzəˈluːʃən/,결의안,The council passed a resolution to ban plastic bags citywide.
resolution,/ˌrɛzəˈluːʃən/,"결심, 다짐 <하겠다고, 또는 하지 않겠다고 마음먹은 것들을 뜻함>",My New Year's resolution is to exercise at least three times weekly.
geek,/ɡiːk/,"덕후, 오덕후, 괴짜 <한 분야에 집착하는 기질이 있는 사람>",He's a total computer geek who builds his own machines.
ostracize,/ˈɑːstrəsaɪz/,"(사람을) ~을 외면하다, 배척하다, 따돌리다",Her classmates began to ostracize her after the rumor spread.
usher,/ˈʌʃər/,안내하다,A young man will usher the guests to their assigned seats.
lovelorn,/ˈlʌvlɔːrn/,"상사병에 걸린, 사랑에 애태우는",The lovelorn poet wrote endless verses about his lost sweetheart.
pandemonium,/ˌpændəˈmoʊniəm/,대혼란,Pandemonium broke out when the fire alarm suddenly went off.
sketchy,/ˈskɛtʃi/,"나쁜 짓을 한 것 같은, 수상쩍은 <비격식적인 표현>","That guy looked pretty sketchy, so I kept my distance."
seminal,/ˈsɛmɪnəl/,"중대한, 중요한, 영향력이 큰",Her seminal paper changed how scientists study human memory.
monetize,/ˈmɑːnɪtaɪz/,(인터넷 서비스 등을) 유료화하다,The startup struggled to monetize its popular free messaging app.
stain,/steɪn/,얼룩 <주로 액체가 스며들어 지우기 어려운 자국을 뜻함>,There's a stubborn coffee stain right on my white shirt.
decent,/ˈdiːsənt/,(남이 봐도 될 만큼) 옷을 제대로 입은,Give me a minute to get decent before you come in.
decent,/ˈdiːsənt/,"괜찮은, 제대로 된, 그럴듯한",We finally found a decent restaurant near the train station.
outlast,/ˌaʊtˈlæst/,"~보다 더 오래 가다, ~보다 오래 계속되다",These sturdy boots will easily outlast any cheaper pair you buy.
composition,/ˌkɑːmpəˈzɪʃən/,(그림이나 사진의) 구도,The photographer adjusted the composition to balance light and shadow.
introvert,/ˈɪntrəvɜːrt/,"내성적인 사람, 내향적인 사람","As an introvert, she prefers quiet evenings over crowded parties."
delicacy,/ˈdɛlɪkəsi/,"(특정 지역의) 진미, 별미",Grilled octopus is a local delicacy along this coastal town.
delicacy,/ˈdɛlɪkəsi/,섬세함,She handled the antique vase with great care and delicacy.
clumsy,/ˈklʌmzi/,"(사람이) 어설픈, 칠칠치 못한",He felt clumsy and dropped his glass twice during dinner.
plausible,/ˈplɔːzəbəl/,"타당한 것 같은, 이치에 맞는, 그럴듯한","Her excuse sounded plausible, so we decided to believe her."
bend over backwards,,"무진 애를 쓰다, 안간힘을 쓰다",The staff bent over backwards to make our stay comfortable.
pop into one's mind,,문득 머릿속에 떠오르다,A brilliant idea suddenly popped into my mind during the shower.
chestnut,/ˈtʃɛsnʌt/,밤,We roasted a bag of chestnut over the open fire.
demean,/dɪˈmiːn/,"위신을 떨어뜨리다, 품위를 손상시키다, 비하하다",Don't demean yourself by arguing with such a rude person.
nerve-racking,/ˈnɜːrv ˌrækɪŋ/,"신경 쓰이는, 안절부절못하게 하는",Waiting for the exam results was an absolutely nerve-racking experience.
unorthodox,/ʌnˈɔːrθədɑːks/,"정통적이 아닌, 특이한",The coach used an unorthodox training method that surprised everyone.
pitfall,/ˈpɪtfɔːl/,"위험, 곤란, 문제가 될 수 있는 부분",One common pitfall for new investors is chasing quick profits.
pecuniary,/pɪˈkjuːnieri/,금전상의 <격식 있는 표현>,He received no pecuniary reward for his years of volunteering.
tactic,/ˈtæktɪk/,"전술, 전략, 작전 <단기적 목표를 달성하기 위한 수단이나 방법>",Delaying the meeting was just a tactic to buy more time.
manta ray,/ˈmæntə reɪ/,"쥐가오리, 만타가오리",A giant manta ray glided gracefully beneath our small boat.
urine,/ˈjʊrɪn/,"소변, 오줌",The doctor asked for a urine sample before the checkup.
accredited,/əˈkrɛdɪtɪd/,"공인된, 인가받은, 승인받은",She earned her degree from a fully accredited online university.
orthodox,/ˈɔːrθədɑːks/,"정통의, 정통적인, 옳다고 인정된",He preferred orthodox treatments over any experimental new therapy.
obedient,/oʊˈbiːdiənt/,"말을 잘 듣는, 순종적인, 복종하는",Their obedient dog sat quietly until they gave the command.
altercation,/ˌɔːltərˈkeɪʃən/,"(화가 나서 시끄럽게 하는) 말다툼, 언쟁",A loud altercation between two drivers blocked the whole intersection.
dissect,/dɪˈsɛkt/,"(동식물을) 해부하다, 절개하다",Students had to dissect a frog in the biology lab today.
attagirl,/ˈætəɡɜːrl/,"잘한다, 장하다 <여자아이나 어른에게 하는 격려의 말이었다>",Attagirl! You finished the whole race without stopping once.
sultry,/ˈsʌltri/,"(날씨, 공기가) 후텁지근한, 덥고 습한",The sultry afternoon left everyone sweating and searching for shade.
cannibal,/ˈkænɪbəl/,식인종,The old legend warned travelers about a cannibal living in the forest.
emissary,/ˈɛmɪsɛri/,"사절, 특사 <격식>",The king sent a trusted emissary to negotiate the peace treaty.
appetite,/ˈæpɪtaɪt/,식욕,The long hike gave the children a huge appetite for dinner.
ravenous,/ˈrævənəs/,"(식욕, 배고픔 등이) 엄청난","After skipping lunch, I had a ravenous hunger by evening."
microbe,/ˈmaɪkroʊb/,미생물,A single microbe can multiply into millions within a few hours.
stick out,,"~을 내밀다, ~을 튀어나오게 하다",Don't stick out your tongue at your little brother again.
pot calling the kettle black,,"똥 묻은 개가 겨 묻은 개 나무란다 <직역하면, ""냄비가 주전자보고 검다고 한다""라는 뜻>",You call me lazy? That's the pot calling the kettle black.
veto,/ˈviːtoʊ/,"~을 거부하다, ~에 대해 거부권을 행사하다",The president decided to veto the controversial spending bill.
invest,/ɪnˈvɛst/,(~을) ~에게 부여하다,The constitution invests great authority in the elected president.
constitution,/ˌkɑːnstɪˈtuːʃən/,헌법,Freedom of speech is protected under the country's constitution.
hindrance,/ˈhɪndrəns/,"방해, 훼방 <셀 수 없는 명사>",The heavy rain was a serious hindrance to our travel plans.
prodigious,/prəˈdɪdʒəs/,"(놀라움, 감탄을 자아낼 정도로) 엄청난, 굉장한",The young pianist showed prodigious talent from a very early age.
frivolous,/ˈfrɪvələs/,"시시한, 하찮은, 쓸데없는, 무의미한",She wasted her savings on frivolous purchases she never used.
frivolous,/ˈfrɪvələs/,"(사람이) 경솔한, 천박한, 경박한",His frivolous attitude annoyed the serious members of the team.
move heaven and earth,,(뭔가를 달성하기 위해) 갖은 노력을 다하다,She moved heaven and earth to get her son the surgery.
falter,/ˈfɔːltər/,"(목소리가) 떨리다, 더듬거리다",His voice began to falter as he read the farewell letter.
decree,/dɪˈkriː/,"포고하다, 선포하다, 명하다, 법령으로 정하다",The king decreed that all citizens must pay the new tax.
throng,/θrɔːŋ/,"(많은 사람 또는 동물의) 빽빽한 무리, 떼 <문어체>",A throng of fans gathered outside the theater for autographs.
aesthetic,/ɛsˈθɛtɪk/,"심미적, 미학적, 미적인",The building's aesthetic design won several international awards.
aesthetic,/ɛsˈθɛtɪk/,"미적 특성, 미의식",Her paintings share a minimalist aesthetic rooted in nature.
rip ~ off,,~에게 바가지를 씌우다 <주로 수동태로 씀>,I got ripped off buying this fake watch from a street vendor.
captive,/ˈkæptɪv/,"포로 <전쟁에서 사로잡힌 적, 감금된 짐승 등을 뜻함>",The soldiers finally freed the captive after months of imprisonment.
delusion,/dɪˈluːʒən/,"망상, 허황된 생각",He lives under the delusion that he'll become famous overnight.
maternity leave,/məˈtɜːrnəti liːv/,출산 휴가,She plans to take six months of maternity leave next spring.
itch,/ɪtʃ/,"(몹시 ~하고 싶어 몸이) 근질거리다, 근지럽다",My fingers itch to start painting whenever I see a blank canvas.
limp,/lɪmp/,"(사물이) 흐물흐물한, 흐느적거리는",The flowers had gone limp after a week without any water.
limp,/lɪmp/,"다리를 절다, 절뚝거리다",He began to limp badly after twisting his ankle on the trail.
slaughter,/ˈslɔːtər/,"(가축을) 도살하다, 도축하다",The farm workers slaughter the pigs early each morning.
appropriate,/əˈproʊprieɪt/,"도용하다, 전용하다, 유용하다 <자신의 것이 아닌 것을 권한 없이 가져다 쓰다>",The company was accused of appropriating the artist's original design.
barley,/ˈbɑːrli/,보리,The soup was thickened with tender barley and fresh vegetables.
parental,/pəˈrɛntəl/,"부모의, 부모로서의",Minors need parental consent to join the overnight school trip.
dilute,/daɪˈluːt/,"(액체를) 희석하다, 묽게 하다",You should dilute the concentrated juice with plenty of cold water.
extravagant,/ɪkˈstrævəɡənt/,사치스러운,They threw an extravagant wedding with hundreds of expensive guests.
gig,/ɡɪɡ/,"(대중음악가, 코미디언의) 공연, 출연",The band played a small gig at a downtown jazz club.
inexorable,/ɪnˈɛksərəbəl/,"멈출 수 없는, 거침없는",The inexorable rise of technology keeps changing how we work.
processed food,/ˈprɑːsɛst fuːd/,가공식품,Doctors warn that too much processed food harms your health.
pathetic,/pəˈθɛtɪk/,한심한 <비격식적인 표현>,His pathetic excuse for being late fooled absolutely no one.
Band-Aid,/ˈbænd eɪd/,일회용 반창고,She put a Band-Aid over the small cut on her finger.
spread,/sprɛd/,"나누다, 분산하다, 분산시키다",We decided to spread the payments across three separate months.
novelty,/ˈnɑːvəlti/,"새로움, 참신함, 신기함",The novelty of the new phone wore off within a week.
novelty,/ˈnɑːvəlti/,"색다른, 진기한",They sold cheap novelty souvenirs outside the crowded museum.
asymmetric,/ˌeɪsɪˈmɛtrɪk/,(도형의 형태가) 비대칭의,The dress featured an asymmetric hemline that everyone admired.
long,/lɔːŋ/,"갈망하다, 간절히 바라다","After years abroad, she began to long for her hometown."
trade deficit,/ˈtreɪd ˌdɛfɪsɪt/,"무역 적자, 무역 수지 적자 <경제 용어>",The country reported its largest trade deficit in over a decade.
pilgrimage,/ˈpɪlɡrɪmɪdʒ/,"순례 <비유적으로, 의미 있는 곳을 찾아다니며 방문하는 것을 뜻하기도 함>",Thousands make the pilgrimage to the sacred temple every year.
squash,/skwɑːʃ/,"짓누르다, 으깨다, 찌부러뜨리다",Be careful not to squash the ripe tomatoes in your bag.
squash,/skwɑːʃ/,호박,She roasted a butternut squash with olive oil and herbs.
articulate,/ɑːrˈtɪkjəleɪt/,"발음을 또렷이 하다, 또렷이 말하다 <자동사>",Try to articulate clearly so the audience understands every word.
articulate,/ɑːrˈtɪkjəleɪt/,"명확히 표현하다, 분명히 설명하다 (타동사)",She could articulate her ideas with remarkable clarity and confidence.
sissy,/ˈsɪsi/,여자 같은 남자 아이,The older boys unfairly called him a sissy for crying.
inversion,/ɪnˈvɜːrʒən/,"반전, 전도(轉倒), 도치",The story's clever inversion of roles surprised every reader.
inclination,/ˌɪnklɪˈneɪʃən/,(~하는) 경향,He has a natural inclination to help strangers in trouble.
crumb,/krʌm/,"소량, 작은 부분, 약간",She didn't offer even a crumb of sympathy for my situation.
rededicate,/ˌriːˈdɛdɪkeɪt/,"~을 다시 바치다, 다시 헌정하다",The mayor will rededicate the restored monument to the fallen soldiers.
fructose,/ˈfrʌktoʊs/,과당(果糖) <화학 용어>,Ripe fruit contains natural fructose that gives it a sweet taste.
think of ~ as ~,,"~을 ~으로 생각하다, ~을 ~으로 여기다",I think of my mentor as a second father to me.
shrug off,,"~을 떨쳐 버리다, ~에서 벗어나다, ~에서 자유롭게 되다",She tried to shrug off the criticism and focus on her work.
spiteful,/ˈspaɪtfəl/,"앙심을 품은, 독기를 품은, 악의적인",He sent a spiteful message just to hurt her feelings.
snap,/snæp/,"한 순간에 무너지다, 갑자기 폭발하다 <갑작스럽게 자제력을 잃는 것을 뜻함>","After weeks of stress, he finally snapped and yelled at everyone."
concussion,/kənˈkʌʃən/,뇌진탕,The player suffered a concussion after colliding with the goalpost.
covered in bruises,,"군데군데 멍이 든, 멍투성이인","After the fall, her legs were covered in bruises for weeks."
company,/ˈkʌmpəni/,(방문하러 온) 손님,"We're having company over for dinner, so please tidy up."
pill,/pɪl/,"귀찮은 인간, 귀찮은 녀석",Her younger cousin is such a pill during long car rides.
inside out,,"속속들이, 철저하게","After years of repairs, he knows this old car inside out."
pebble,/ˈpɛbəl/,"조약돌, 자갈",A small pebble slipped into my shoe during the hike.
illustrate,/ˈɪləstreɪt/,"분명히 보여주다, 분명히 하다",This chart clearly illustrates how sales grew over the year.
get over ~,,"~을 극복하다, ~에서 회복하다",It took her months to get over the painful breakup.
bring ~ down,,"~를 침울하게 만들다, 실망시키다, 의기소침하게 하다",Constant bad news can really bring you down over time.
funeral,/ˈfjuːnərəl/,장례식,Hundreds of people attended the funeral to honor the beloved teacher.
common decency,/ˌkɑːmən ˈdiːsənsi/,"상식적인 예절, 일상적인 예절",Common decency requires that you apologize when you're clearly wrong.
shed,/ʃɛd/,"보관하는 곳, 헛간",He keeps his garden tools locked inside the wooden shed.
shed,/ʃɛd/,~을 벗다,Snakes shed their skin several times as they grow.
filthy,/ˈfɪlθi/,아주 더러운,The abandoned kitchen was filthy and covered in thick dust.
variant,/ˈvɛriənt/,"변종, 변이, 이형(異形)",Scientists discovered a new variant of the common flu virus.
ponderous,/ˈpɑːndərəs/,"대단히 무거운, 육중한, 느릿느릿한",The ponderous elephant moved slowly across the dry savanna.
ponderous,/ˈpɑːndərəs/,"(너무) 지루한, 장황한, 답답한 <격식 있는 표현. 책, 연설 등에 씀>",The professor's ponderous lecture put half the students to sleep.
inside baseball,,(어떤 주제에 대한) 상세한 지식,His speech was too much inside baseball for ordinary voters.
impostor,/ɪmˈpɑːstər/,"사칭하는 사람, 사기꾼",The impostor pretended to be a doctor to gain their trust.
grab one's attention,,~의 관심을 끌다,The bright headline was designed to grab your attention instantly.
pilum,/ˈpaɪləm/,(고대 로마 병사의) 투창,Each Roman legionary carried a heavy pilum into the fierce battle.
bark,/bɑːrk/,나무껍질,The rough bark of the old oak felt cool under my hand.
barnacle,/ˈbɑːrnəkəl/,"따개비 <바위나 배 밑에 들러붙는, 작은 조개같이 생긴 것>",The ship's hull was crusted with barnacle and green algae.
glucose,/ˈɡluːkoʊs/,포도당,The nurse measured his blood glucose level before breakfast.
pulse,/pʌls/,"활기가 넘치다, 흥분이 넘치다",The whole city seemed to pulse with energy during the festival.
prune,/pruːn/,(나무를) 가지치기하다,You should prune the rose bushes before the first frost.
savor,/ˈseɪvər/,"(맛, 풍미를) 음미하다, 즐기다",She closed her eyes to savor the rich chocolate dessert.
savor,/ˈseɪvər/,만끽하다,Let's savor every moment of this peaceful weekend by the lake.
humiliating,/hjuːˈmɪlieɪtɪŋ/,"굴욕적인, 면목 없는",Losing so badly in front of everyone was truly humiliating.
fallacy,/ˈfæləsi/,"틀린 생각, 잘못된 믿음",It's a common fallacy that lightning never strikes twice.
fallacy,/ˈfæləsi/,(인식상의) 오류,His argument rested on a logical fallacy the judges quickly spotted.
enforceable,/ɪnˈfɔːrsəbəl/,"시행할 수 있는, 집행할 수 있는, 강제할 수 있는","Without a signature, the contract is not legally enforceable."
prolong,/prəˈlɔːŋ/,"~이 더 길게 지속되게 하다, 더 길게 유지되도록 하다",Regular exercise can help prolong a healthy and active life.
foreseeable,/fɔːrˈsiːəbəl/,예측할 수 있는,Prices are unlikely to drop in the foreseeable future.
dejected,/dɪˈdʒɛktɪd/,"실의에 빠진, 낙담한",He looked dejected after failing the driving test again.
inflate,/ɪnˈfleɪt/,"(가격을) 인상하다, 올리다",Some vendors inflate their prices sharply during the busy holiday season.
integral,/ˈɪntɪɡrəl/,(전체의 일부로서) 필수적인,Teamwork is an integral part of our company's daily culture.
shriek,/ʃriːk/,"꽥 소리를 지르며 ~을 말하다, 악을 쓰며 ~라고 말하다 <타동사>","""Watch out!"" she shrieked as the ball flew toward him."
crack,/kræk/,"시도, 도전, 도전의 기회 <비격식적인 표현>","I've never painted before, but I'll give it a crack."
tolerate,/ˈtɑːləreɪt/,"용납하다, 용인하다",The teacher will not tolerate cheating during any of her exams.
abusive,/əˈbjuːsɪv/,"(말, 사람이) 모욕적인, 욕하는",She reported the customer for sending abusive messages to staff.
blatantly,/ˈbleɪtəntli/,"주제넘게, 뻔뻔스럽게",He blatantly ignored the rules right in front of the referee.
unravel,/ʌnˈrævəl/,"(이해하기 어려운 것, 미스터리 등이) 풀리다",The mystery slowly began to unravel as new clues appeared.
unravel,/ʌnˈrævəl/,"(이해하기 어려운 것, 미스터리 등을) 풀다",Detectives worked all night to unravel the complicated case.
obnoxious,/əbˈnɑːkʃəs/,"아주 불쾌한, 몹시 기분 나쁜",His obnoxious behavior at the party embarrassed all his friends.
thaw,/θɔː/,"(눈, 얼음 등의 얼어 있던 물체가) 녹다",The snow began to thaw as the spring sun grew warmer.
thaw,/θɔː/,"녹이다, 해동시키다",Remember to thaw the frozen chicken before you start cooking.
graham,/ˈɡreɪəm/,통밀의,We made the pie crust from crushed graham crackers.
unfathomable,/ʌnˈfæðəməbəl/,불가해한,The depth of the ocean remains unfathomable to most people.
extremist,/ɪkˈstriːmɪst/,극단주의자,The group was labeled an extremist organization by the government.
on parole,,"가석방되어, 가석방된",He was released on parole after serving five years.
sleep-deprived,/ˈsliːp dɪˌpraɪvd/,잠이 부족한,New parents are often sleep-deprived during the first few months.
encounter,/ɪnˈkaʊntər/,"(예상치 못하게) 마주치다, 접하다 <격식 있는 표현>",Hikers may encounter wild deer along this quiet mountain trail.
indifferent,/ɪnˈdɪfərənt/,무관심한 <명사 앞에는 잘 안 씀>,He seemed completely indifferent to the outcome of the game.
lift,/lɪft/,"(차 등을) 태워 주기, 얻어 타기",Could you give me a lift to the station tomorrow morning?
lift,/lɪft/,"(제재를) 풀다, 해제하다",The government agreed to lift the travel ban next month.
burst in,,"불쑥 들어가다, 불쑥 들어오다",She burst in without knocking and interrupted our private meeting.
lay ~ off,,~를 정리해고하다,The factory had to lay off two hundred workers last year.
severance pay,/ˈsɛvərəns peɪ/,"퇴직금, 해직 수당",The company offered generous severance pay to the laid-off employees.
catch-22,/ˌkætʃ twɛnti ˈtuː/,"모순된 상황, 이러지도 저러지도 못하는 상태, 딜레마, 곤경",Needing experience to get a job is a real catch-22.
chop ~ off,,~을 (~에서) 잘라 내다,The chef chopped off the fish head before cooking it.
plaster,/ˈplæstər/,"회반죽, 석고반죽",The workers smoothed fresh plaster over the cracked old wall.
desert,/dɪˈzɜːrt/,"(어떤 장소를) 버리다, 떠나다 <흔히 수동태로 씀>",The town was deserted after the factory finally closed down.
desert,/dɪˈzɜːrt/,"(도와주거나 부양하지 않고) 버리다, 저버리다",He would never desert his family in their time of need.
advocate,/ˈædvəkeɪt/,"공개적으로 지지하다, 옹호하다",Many scientists advocate stronger action against global climate change.
turn ~ off,,~가 (~에 대한) 흥미를 잃게 만들다,His rude comments really turned me off the whole idea.
prom,/prɑːm/,"(특히 미국에서 고등학교의) 졸업 파티, 무도회",She wore a beautiful blue gown to her high school prom.
hideous,/ˈhɪdiəs/,"(특히 보기에) 흉측한, 흉물스러운, 끔찍한",That hideous wallpaper makes the whole room feel gloomy.
apprise,/əˈpraɪz/,알리다,Please apprise me of any changes to the meeting schedule.
in no time,,"즉시, 곧 <예상보다 훨씬 더 빠르게 진행된다는 어감이 있는 표현>","Don't worry, the food will be ready in no time."
resonate,/ˈrɛzəneɪt/,"(~에게) 반향을 불러일으키다, 공감을 불러일으키다",Her honest speech seemed to resonate with the entire audience.
discriminate,/dɪˈskrɪmɪneɪt/,차별하다,It is illegal to discriminate against workers based on age.
tuition fee,/tuˈɪʃən fiː/,"수업료, 등록금",Rising tuition fees make college harder for many families.
cast doubt on,,~에 대해 의심을 불러일으키다,The new evidence cast doubt on the witness's earlier testimony.
up ahead,,"그 앞쪽에, 저 앞쪽에",There's a rest stop up ahead where we can grab coffee.
subvert,/səbˈvɜːrt/,"(체제, 권위 등을) 전복시키다, 뒤엎다",The rebels plotted to subvert the corrupt military government.
disorder,/dɪsˈɔːrdər/,"(정신이나 신체 기능의) 장애, 이상, 병, 질환",She was diagnosed with a rare blood disorder last spring.
affective,/əˈfɛktɪv/,정서적인,The therapy targets affective symptoms like sadness and anxiety.
argumentative,/ˌɑːrɡjəˈmɛntətɪv/,"따지기 좋아하는, 시비 거는 경향이 있는",He becomes argumentative whenever anyone questions his opinions.
traumatic,/trɔːˈmætɪk/,"정신적 외상을 초래할 정도의, 대단히 충격적인",The car crash was a deeply traumatic experience for the children.
relive,/riːˈlɪv/,다시 체험하다,"Watching the video, she could relive that joyful summer day."
abridged,/əˈbrɪdʒd/,"축약된, 요약된",I read an abridged version of the long classic novel.
scapegoat,/ˈskeɪpɡoʊt/,희생양 <남의 죄를 대신 지는 사람>,They made the new intern a scapegoat for the failed project.
fixer-upper,/ˈfɪksərˌʌpər/,손볼 데 많은 사람 <원래는 볼품없으나 애인이 잘 관리해 주면 괜찮아질 사람>,She saw him as a fixer-upper she could gradually improve.
admit,/ədˈmɪt/,입원시키다 <흔히 수동태로 씀>,He was admitted to the hospital with severe chest pain.
coarse,/kɔːrs/,"상스러운, 천한, 저속한",His coarse jokes made everyone at the dinner uncomfortable.
insubordinate,/ˌɪnsəˈbɔːrdɪnət/,"순종하지 않는, 반항하는",The soldier was punished for being insubordinate to his commander.
offend,/əˈfɛnd/,"~를 기분 상하게 하다, ~를 불쾌하게 하다",I didn't mean to offend you with my careless remark.
free weight,/ˈfriː weɪt/,근력운동 기구 <역기나 아령처럼 기계장치에 부착하지 않은 것>,He prefers free weights over machines for building overall strength.
shuffle,/ˈʃʌfəl/,발을 끌며 걷기,The tired old man crossed the room with a slow shuffle.
one's ducks in a row,,"만반의 준비를 갖춘 <주로 get, have, put 등의 동사와 함께 씀>",Get your ducks in a row before you launch the business.
concoction,/kənˈkɑːkʃən/,"조합, 혼합물",He served us a strange concoction of juice and herbs.
reparation,/ˌrɛpəˈreɪʃən/,(패전국이 승전국에 지불하는) 배상금 <복수형으로 씀>,The defeated nation paid heavy reparations after the long war.
retract,/rɪˈtrækt/,"(합의, 약속 등을) 철회하다, 취소하다",The newspaper was forced to retract its false accusation.
retract,/rɪˈtrækt/,"(전에 한 말을) 철회하다, 취소하다",He was forced to retract his earlier statement after the backlash.
wander,/ˈwɑːndər/,"(이리저리 천천히) 거닐다, 돌아다니다, 헤매다",We like to wander through the old town every evening.
wander,/ˈwɑːndər/,"다른 데로 가다, 떨어져 나가다",Don't let the children wander away from the group.
live paycheck to paycheck,,근근이 살아가다,Many families still live paycheck to paycheck despite working two jobs.
go for ~,,~을 택하다,I think I'll go for the chicken instead of the beef.
what is it to ~,,그게 ~랑 무슨 상관이지?,"It's my decision, so what is it to you anyway?"
right to counsel,,"변호사를 선임할 권리, 변호인의 조력을 받을 권리",Every defendant has the right to counsel during questioning.
endorse,/ɪnˈdɔːrs/,(공개적으로) 지지하다,Several celebrities decided to endorse the new candidate publicly.
methodical,/məˈθɑːdɪkəl/,"(사람이) 체계적인, 꼼꼼한",She took a methodical approach to solving each problem.
performance-enhancing,/pərˈfɔːrməns ɪnˌhænsɪŋ/,"운동 능력을 향상시키는, 경기력을 향상하는",The athlete was banned for using performance-enhancing drugs.
introduce,/ˌɪntrəˈduːs/,(~ 속에) 넣다 <격식>,Scientists introduce the enzyme into the solution slowly.
homicide,/ˈhɑːmɪsaɪd/,(경찰의) 강력계 <살인 사건을 수사하는 경찰 내 부서>,The detective from homicide arrived at the crime scene.
dystopian,/dɪsˈtoʊpiən/,"반(反) 이상향의, 디스토피아적인",The novel paints a dystopian future ruled by machines.
sit on ~,,~을 뭉개다 <답장이나 필요한 처리를 하지 않고 있음을 뜻함>,Don't just sit on my request; I need an answer today.
propaganda,/ˌprɑːpəˈɡændə/,"(주로 거짓말이 섞여 있는 정치적인) 선전, 선동",The regime spread propaganda through every television channel.
endemic,/ɛnˈdɛmɪk/,"(동식물이) ~ 지방 특유의, 토종의, 토착종의",These birds are endemic to the remote island.
endemic,/ɛnˈdɛmɪk/,"(특정 지역이나 집단에서) 고질적인, 고유의",Corruption remains endemic in some parts of the government.
forfeit,/ˈfɔːrfɪt/,"~을 몰수당하다, 박탈당하다",He had to forfeit his winnings after breaking the rules.
forfeit,/ˈfɔːrfɪt/,~을 포기하다,"By not showing up, the team will forfeit the match."
deplete,/dɪˈpliːt/,"고갈시키다, 대폭 감소시키다, 격감시키다",Overfishing can quickly deplete the ocean's resources.
grenade,/ɡrəˈneɪd/,수류탄,The soldier carefully pulled the pin from the grenade.
herd,/hɜːrd/,(짐승을) 몰다,The rancher will herd the cattle into the barn before dark.
plan,/plæn/,"~할 예정이다, ~할 계획이다",We plan to visit Korea next spring for the festival.
awkward,/ˈɔːkwərd/,(기분이) 어색한,There was an awkward silence after his rude comment.
hail,/heɪl/,우박,Golf-ball-sized hail damaged several cars in the parking lot.
mallet,/ˈmælɪt/,나무망치,He tapped the tent stake with a wooden mallet.
amendment,/əˈmɛndmənt/,"(법 등의) 개정, 수정",Congress passed an amendment to the existing law.
redundancy,/rɪˈdʌndənsi/,"불필요한 중복, 쓸모없는 반복 <격식 있는 표현>",The editor removed the redundancy from the report.
ground,/ɡraʊnd/,"근거, 이유, 사유",They had no legal ground for firing her.
after a while,,"잠시 후에, 얼마 후에","After a while, the storm finally began to calm down."
dormant,/ˈdɔːrmənt/,"활동하지 않고 있는, 휴면기의, 발육 정지 중인",The volcano has been dormant for hundreds of years.
intact,/ɪnˈtækt/,"(손상되지 않고) 멀쩡한, 전혀 다치지 않은","Remarkably, the ancient vase survived the earthquake intact."
bail ~ out,,~에 대한 보석금을 내다,His parents had to bail him out of jail last night.
distracted,/dɪˈstræktɪd/,"주의가 산만해진, 마음이 뒤숭숭한, 심란한",She was too distracted to notice the traffic light change.
ride on ~,,~에 달려 있다 <보통 진행형으로 쓰임>,The whole company's future is riding on this deal.
break the spell,,황홀했던 분위기를 깨다,The loud phone ringing suddenly broke the spell.
probe,/proʊb/,"(~을) 캐다, 조사하다 <자동사>",Investigators continued to probe into the company's finances.
noted,/ˈnoʊtɪd/,알았어 <상대방이 말한 내용은 충분히 알아들었다는 뜻>,"You want it done by Friday? Noted, I'll get started."
throw,/θroʊ/,"(파티, 모임 등을) 개최하다, 열다, 벌이다",They decided to throw a huge party for her birthday.
throw,/θroʊ/,(물건을) 던지다,Please don't throw the ball inside the house.
hefty,/ˈhɛfti/,"(사람, 사물이) 장대한, 크고 무거운",He carried the hefty suitcase up the stairs alone.
infusion,/ɪnˈfjuːʒən/,"(찻잎, 약재 등을) 우려낸 차, 달인 약물",She sipped a warm herbal infusion before bed.
infusion,/ɪnˈfjuːʒən/,투입 <격식>,The startup needed a fresh infusion of cash to survive.
stuff,/stʌf/,"너무 많이 먹이다, 잔뜩 먹이다, 과식하게 만들다",Grandma loves to stuff us with food every holiday.
stuff,/stʌf/,"것, 것들, 물건, 물질, 문제 <가리키는 대상의 이름을 모르거나 굳이 말할 필요가 없을 때 씀>",Just leave your stuff by the door and come in.
field marshal,/ˈfiːld ˌmɑːrʃəl/,(영국의) 육군 원수,The field marshal reviewed the troops before the ceremony.
all about ~,,"~에 푹 빠져 있다, ~을 너무 하고 싶다, ~을 너무 좋아하다",Lately she's all about yoga and healthy eating.
all about ~,,"~가 가장 중요하다, ~가 전부다, ~이 최고다","In this business, it's all about building trust."
go a long way,,"큰 도움이 되다, 유용하다",A little kindness can go a long way in tough times.
servitude,/ˈsɜːrvɪtuːd/,노예 상태 <격식 있는 표현>,The prisoners were sentenced to years of servitude.
fierce,/fɪrs/,"(행동, 감정 등이) 치열한, 격렬한, 맹렬한",There was fierce competition for the top position.
off the rack,,(의복이) 기성품인,He bought a suit off the rack for the interview.
have ~ over,,"~을 손님으로 맞이하다, 집에 초대하다",We're going to have some friends over for dinner tonight.
name-calling,/ˈneɪm ˌkɔːlɪŋ/,욕하기,The debate quickly descended into childish name-calling.
venue,/ˈvɛnjuː/,"(콘서트, 스포츠 경기, 회담 등의) 장소",The concert venue can hold twenty thousand people.
lock down,,확정하다,We need to lock down the final details before Friday.
marlin,/ˈmɑːrlɪn/,청새치 <바닷물고기의 한 종류>,The fisherman proudly reeled in a massive blue marlin.
snort,/snɔːrt/,(마약을) 코로 흡입하다,He was arrested for trying to snort cocaine at the club.
bladder,/ˈblædər/,방광,Drinking too much water made her bladder feel full.
bumpy,/ˈbʌmpi/,(길이) 울퉁불퉁한,The old country road was incredibly bumpy and rough.
manhunt,/ˈmænhʌnt/,"(조직적인) 수색, 범인 수색, 탈옥수 수색",Police launched a massive manhunt for the escaped convict.
inquisitive,/ɪnˈkwɪzətɪv/,"호기심이 많은, 탐구적인",The inquisitive child asked endless questions about everything.
indigestion,/ˌɪndaɪˈdʒɛstʃən/,"소화불량, 소화량증",Eating too fast often gives me terrible indigestion.
carelessness,/ˈkɛrləsnəs/,"부주의, 경솔",The accident was caused by sheer carelessness.
continent,/ˈkɑːntɪnənt/,대륙,Africa is the second largest continent in the world.
fraud,/frɔːd/,사기꾼,The so-called doctor turned out to be a complete fraud.
pageant,/ˈpædʒənt/,"미인 대회 <미모뿐 아니라 개인적 자질, 재주 등을 겨루는 대회>",She won first place in the local beauty pageant.
placeholder,/ˈpleɪshoʊldər/,임시 값 <다른 것으로 대체될 것이 예정된 자리에 임시로 넣어 두는 것>,Use a placeholder name until we finalize the details.
forsake,/fərˈseɪk/,"(특히 책임져야 할 대상을) 저버리다, 버리다 <문학적인 표현>",He vowed never to forsake his family in hard times.
shifty,/ˈʃɪfti/,"수상쩍은, 구린 데가 있는 것 같은",The salesman had a shifty look that made me uneasy.
juggle,/ˈdʒʌɡəl/,"잘 조절하다, 잘 처리하다","She has to juggle work, school, and raising two kids."
catch ~ up,,~에게 (~에 관한) 최근 정보를 알려 주다,Let me catch you up on everything you missed.
blow off ~,,"(총이나 폭탄으로) ~을 날려버리다, 터뜨려버리다",The explosion nearly blew off the entire rooftop.
congestion,/kənˈdʒɛstʃən/,"(차량, 인파 등의) 혼잡, 막힘",Traffic congestion downtown made us late for the meeting.
piss ~ off,,"~를 열받게 하다, ~를 지겹게 하다 <비격식적이고 모욕적인 표현>",His constant complaining really pisses me off.
treat,/triːt/,"대접하다, 한턱내다",Let me treat you to lunch for helping me move.
treat,/triːt/,"큰 기쁨, 매우 즐거운 일, 특별한 즐거움을 주는 것, 훌륭한 대접",This quiet weekend has been a real treat for me.
turn to ~,,"(도움, 조언 등을 위해) ~에 의지하다","Whenever I'm confused, I turn to my mentor for advice."
nudity,/ˈnuːdəti/,"벌거벗은 상태, 알몸 노출 상태",The film was rated mature due to scenes of nudity.
notion,/ˈnoʊʃən/,"개념, 관념, 생각",I have no notion of what he was thinking.
reprehensible,/ˌrɛprɪˈhɛnsəbəl/,"(도덕적으로) 부끄러운, 비난받을 만한",His reprehensible behavior shocked the entire community.
antivenom,/ˌæntiˈvɛnəm/,해독제,The hospital quickly administered antivenom after the snakebite.
medieval,/ˌmiːdiˈiːvəl/,중세의 <서기 약 1000년에서 1450년 사이의 기간>,The museum displays weapons from the medieval period.
irrespective,/ˌɪrɪˈspɛktɪv/,"~와 상관없이, ~와 관계없이",Everyone is welcome irrespective of their background.
mourn,/mɔːrn/,"애도하다, 슬퍼하다, 애석해 하다, 애통해 하다",The whole nation gathered to mourn the fallen leader.
discern,/dɪˈsɜːrn/,"알아차리다, 파악하다, 포착하다",It was hard to discern his true intentions.
let off steam,,"울분을 발산하다, 열기를 발산하다, 스트레스를 풀다","After a long week, I go running to let off steam."
instigate,/ˈɪnstɪɡeɪt/,"부추기다, 선동하다",He was accused of trying to instigate a riot.
call it a day,,"하루 일을 마치다, 오늘은 여기까지 하다","We've worked enough, so let's call it a day."
uncivilized,/ʌnˈsɪvəlaɪzd/,"예의 없는, 점잖지 못한",Shouting at the waiter was truly uncivilized behavior.
contemplate,/ˈkɑːntəmpleɪt/,심사숙고하다,She sat quietly to contemplate her next big decision.
chambermaid,/ˈtʃeɪmbərmeɪd/,(보통 호텔의) 객실 청소부 <특히 성별이 여성인 객실 청소부>,The chambermaid tidied the room while we were out.
caboose,/kəˈbuːs/,"엉덩이, 궁둥이",He slipped on the ice and landed right on his caboose.
ambiguous,/æmˈbɪɡjuəs/,"분명히 규정되지 않은, 애매한",The instructions were so ambiguous that nobody understood them.
gutter,/ˈɡʌtər/,(도로의) 배수로,Rainwater rushed down the gutter along the street.
flirt,/flɜːrt/,바람둥이,Everyone knows he's a hopeless flirt at parties.
flirt,/flɜːrt/,"추파를 던지다, 찝쩍대다, 들이대다, 플러팅하다 <가볍고 즐거운 태도로>",She likes to flirt with the baristas at the cafe.
pull ~ up,,"꺼내 보다, 조회하다",Let me pull up your account information on the screen.
speculate,/ˈspɛkjəleɪt/,"추측하다, 짐작하다",Reporters began to speculate about the CEO's sudden resignation.
down,/daʊn/,(~을) 하고 싶어 하는,Are you down to grab some tacos after work?
balm,/bɑːm/,"연고, 크림, 향유",She rubbed some soothing balm onto her chapped lips.
boredom,/ˈbɔːrdəm/,"지루함, 따분함","Out of sheer boredom, he started doodling on the napkin."
stellar,/ˈstɛlər/,정말 뛰어난 <비격식적인 표현>,The young pianist gave a stellar performance last night.
serendipity,/ˌsɛrənˈdɪpəti/,"우연으로 얻은 행운, 뜻밖의 발견",Meeting my business partner was pure serendipity.
tear ~ down,,"(건물, 담 등을) 허물다, 헐다",The city plans to tear down the old factory next month.
tease,/tiːz/,"약 올리다, 놀리다, 장난하다, 집적거리다",Older brothers love to tease their younger siblings.
traitor,/ˈtreɪtər/,"(~의) 배반자, 반역자",He was branded a traitor for leaking the secrets.
plead,/pliːd/,"변호하다, 변론하다",A skilled lawyer will plead your case in court.
plead,/pliːd/,애원하다,She began to plead with them to spare his life.
take it from,,~의 말을 믿다,"Take it from me, honesty always works out best."
hallucinate,/həˈluːsɪneɪt/,환각을 느끼다,The high fever caused him to hallucinate for hours.
gross,/ɡroʊs/,"역겨운, 징그러운, 불쾌한",The moldy leftovers in the fridge looked absolutely gross.
intent,/ɪnˈtɛnt/,의도 <격식 또는 법률 용어>,The prosecutor had to prove criminal intent.
trousers,/ˈtraʊzərz/,바지,He ironed his trousers before the important interview.
draft,/dræft/,"찬바람, 외풍",A cold draft slipped through the gap under the door.
draw,/drɔː/,"(주로 총, 칼 등의 무기를) ~를 뽑다, 꺼내다",The sheriff was quick to draw his pistol.
practice,/ˈpræktɪs/,"관행, 관례, 관습",Bowing is a common practice in many Asian cultures.
blinker,/ˈblɪŋkər/,"(자동차의) 깜빡이, 방향 지시등",He forgot to use his blinker before changing lanes.
counterfeit,/ˈkaʊntərfɪt/,"위조품, 모조품, 가짜",The vendor was selling counterfeit designer handbags.
calling,/ˈkɔːlɪŋ/,"직업, 천직",Teaching children was always her true calling.
perennial,/pəˈrɛniəl/,"지속되는, 영원한, 계속 반복되는",Traffic is a perennial problem in this crowded city.
by any chance,,"(특히 의문문에서) 혹시, 혹시라도","Are you, by any chance, the new manager here?"
in the meantime,,"그동안에, 그 사이에","Dinner's almost ready; in the meantime, set the table."
mortgage,/ˈmɔːrɡɪdʒ/,"주택 담보 대출, 담보 대출금 <mortgage loan을 줄여서 쓰는 말>",They struggled to keep up with their monthly mortgage payments.
go way back,,오랫동안 알고 지내다,Those two go way back to their college days.
instantly,/ˈɪnstəntli/,"즉각, 즉시","The moment she smiled, he instantly recognized her."
coyote,/kaɪˈoʊti/,코요테 <갯과에 속하는 북미산 야생 동물>,A lone coyote howled somewhere out in the desert.
greasy,/ˈɡriːsi/,(요리에) 기름을 많이 쓴 <못마땅함>,The diner served a greasy breakfast that upset my stomach.
profoundly,/prəˈfaʊndli/,"(병이나 장애가) 극심하게, 완전히 <의학 용어>",The patient was profoundly deaf from birth.
or so,,"~쯤, ~정도",The trip should take an hour or so by car.
select,/sɪˈlɛkt/,고급의,Only a select group of guests received an invitation.
paralyze,/ˈpærəlaɪz/,"(인체의 신경, 근육을) 마비시키다",The venom can paralyze its prey within seconds.
paralyze,/ˈpærəlaɪz/,(원래의 기능을) 마비시키다,The strike threatened to paralyze the entire city.
Florence,/ˈflɔːrəns/,피렌체 <이탈리아 중부의 도시>,We spent three days admiring the art in Florence.
appendix,/əˈpɛndɪks/,"맹장, 충수",The doctor removed his inflamed appendix in surgery.
conscious,/ˈkɑːnʃəs/,"의식이 온전한, 판단 기능이 정상인",The patient remained conscious throughout the procedure.
firefly,/ˈfaɪərflaɪ/,"반딧불이, 개똥벌레",A single firefly blinked softly in the summer night.
commodity,/kəˈmɑːdəti/,"유용한 것, 가치 있는 것","In the desert, clean water is a precious commodity."
intoxicate,/ɪnˈtɑːksɪkeɪt/,"(술, 마약 등에) 취하게 하다",Just one glass of that wine can intoxicate you quickly.
consent,/kənˈsɛnt/,"(특히 권위 있는 사람에 의한) 동의, 허락",The surgery cannot proceed without the patient's consent.
improvise,/ˈɪmprəvaɪz/,"(연주, 연설 등을) 즉흥적으로 하다","When the music stopped, the actors had to improvise."
mortal,/ˈmɔːrtəl/,"영원히 살 수는 없는, 언젠가는 반드시 죽는","The ancient hero was, after all, only mortal."
plum,/plʌm/,자두,"She picked a ripe, juicy plum from the tree."
ticklish,/ˈtɪklɪʃ/,(사람이) 간지럼을 잘 타는,My little sister is extremely ticklish on her feet.
no sweat,,"별거 아냐, 당연하지 <별로 힘들거나 어려운 일이 아니라는 뜻>","Fixing your computer? No sweat, I'll do it now."
humble,/ˈhʌmbəl/,"변변치 않은, 보잘것없는",He grew up in a humble little cottage by the sea.
humble,/ˈhʌmbəl/,겸손하게 처신하다,A good leader knows how to humble himself before others.
in the blink of an eye,,눈 깜박할 사이에,The whole summer passed in the blink of an eye.
imprison,/ɪmˈprɪzən/,"투옥하다, 감금하다",The regime would imprison anyone who dared to protest.
glaze,/ɡleɪz/,"광택제를 바르다, 윤기가 나게 하다",The baker will glaze the doughnuts with sweet sugar.
cool cat,,멋쟁이 <유행에 민감하거나 스타일이 좋은 사람. 오래된 속어>,"With those sunglasses, he really looked like a cool cat."
magnificent,/mæɡˈnɪfɪsənt/,"장대한, 장려한, 화려한, 훌륭한, 당당한",The cathedral's magnificent ceiling left us speechless.
must,/mʌst/,"필수품, 꼭 해야 하는 것",A good raincoat is a must during the rainy season.
butt,/bʌt/,엉덩이 <주로 미국에서 사용하는 비격식적인 표현>,He slipped and fell right on his butt.
grieve,/ɡriːv/,(특히 누구의 죽음으로 인해) 비통해 하다,She needed time alone to grieve for her mother.
temperance,/ˈtɛmpərəns/,"절제, 자제",He practiced temperance and avoided rich foods.
jolly,/ˈdʒɑːli/,"아주, 매우, 대단히 <영국식 표현>","That was a jolly good meal, thank you."
jolly,/ˈdʒɑːli/,"(행사, 경험 등이) 즐거운",We had a jolly time at the seaside carnival.
astronaut,/ˈæstrənɔːt/,우주 비행사,"As a boy, he dreamed of becoming an astronaut."
plainly,/ˈpleɪnli/,분명히,She stated her opinion plainly and left the room.
among other things,,다른 것도 있지만 <현재 이야기하는 예시도 있지만 다른 것들도 있다는 뜻>,"He studies biology and chemistry, among other things."
hump,/hʌmp/,(낙타 같은 동물의 등에 난) 혹,The camel stored fat in its large hump.
hump,/hʌmp/,(사람 등에 난) 혹,Years of bad posture gave him a hump on his back.
be one's own boss,,"(회사에 소속되지 않고) 독립하다, 자기 사업을 하다 <주로 자영업을 뜻함>",She quit to be her own boss and start a bakery.
throw ~ a bone,,"~를 조금만 도와주다, 돕는 시늉만 하다, 달래 주는 척만 하다","Come on, throw me a bone and give me one hint."
hit the hay,,"자다, 잠자리에 들다","I'm exhausted, so I'm going to hit the hay early."
renovate,/ˈrɛnəveɪt/,"(낡은 건물, 가구 등을) 개보수하다",They spent a year working to renovate the old farmhouse.
measure,/ˈmɛʒər/,"(특정 목적을 달성하기 위한) 조치, 대책",The government introduced a new measure to reduce pollution.
compel,/kəmˈpɛl/,"자아내다, 불러오다, ~하지 않을 수 없게 만들다",The film's raw honesty compels the audience to keep watching.
compel,/kəmˈpɛl/,"~가 ~하게 만들다, 강요하다, 강제하다",You can't compel him to sign the contract.
no biggie,,"별거 아니야, 걱정할 것 없어","You forgot the milk? No biggie, I'll grab some."
so to speak,,말하자면,"He's the captain of the ship, so to speak."
porridge,/ˈpɔːrɪdʒ/,"포리지, 오트밀 죽 <주로 영국에서 쓰는 표현>",On cold mornings I love a warm bowl of porridge.
rain out,,"~을 비 때문에 취소하다, 연기하다 <주로 수동태로 씀>",The baseball game was rained out for the second time.
nod,/nɑːd/,"고개를 끄덕여 ~를 표시하다, 표현하다",She gave a quick nod to signal her agreement.
mean,/miːn/,"(솜씨가) 기막힌, 훌륭한","Wow, you play a mean guitar solo!"
hate one's guts,,"~를 몹시 싫어하다, ~을 아주 미워하다","Ever since the betrayal, she hates his guts."
intimidating,/ɪnˈtɪmɪdeɪtɪŋ/,"(자신감이 없어지도록) 겁을 주는, 겁나는",The interviewer had a rather intimidating presence.
squint,/skwɪnt/,"눈을 가늘게 뜨고 보다, 눈을 찡그리고 보다 <밝은 빛을 피하거나 잘 보려고 할 때>",He had to squint against the blinding afternoon sun.
driving range,/ˈdraɪvɪŋ reɪndʒ/,골프 연습장,We spent the afternoon hitting balls at the driving range.
mistrust,/mɪsˈtrʌst/,불신,Years of lies bred deep mistrust between the partners.
partial,/ˈpɑːrʃəl/,~을 매우 좋아하는,I'm rather partial to dark chocolate myself.
creep,/kriːp/,"오싹한 느낌, 혐오감 <피부 위로 뭔가가 기어가는 것 같은 느낌>",That abandoned house gives me the creeps.
pediatric,/ˌpiːdiˈætrɪk/,소아과의,She works in the pediatric ward at the children's hospital.
break the news,,(~에게) 나쁜 소식을 전하다,I didn't know how to break the news to my parents.
gossip,/ˈɡɑːsɪp/,"험담을 하다, 남 얘기를 하다",They love to gossip about their coworkers at lunch.
spill,/spɪl/,"누설하다, 폭로하다, 말해버리다",Don't spill the secret before the surprise party.
lotus,/ˈloʊtəs/,"연(蓮), 연꽃",A pink lotus floated gracefully on the still pond.
dizzy,/ˈdɪzi/,어지러운,Standing up too fast made her feel dizzy.
fluffy,/ˈflʌfi/,"푹신해 보이는, 솜털 같은",The kitten's fluffy fur was incredibly soft.
crook,/krʊk/,"사기꾼 <주로 사기, 횡령, 절도 등을 저지른 범죄자를 뜻함>",That crook cheated dozens of people out of their savings.
cherish,/ˈtʃɛrɪʃ/,(오랫동안) 기억 속에 간직하다,I will always cherish the memories of our childhood.
cherish,/ˈtʃɛrɪʃ/,"소중히 여기다, 아끼다",She cherishes the necklace her grandmother gave her.
embrace,/ɪmˈbreɪs/,"기꺼이 받아들이다, 수용하다",We should embrace new technology rather than fear it.
embrace,/ɪmˈbreɪs/,"포위, 둘러쌈",The valley lay in the embrace of tall mountains.
intervention,/ˌɪntərˈvɛnʃən/,개입 <셀 수 없는 명사 또는 셀 수 있는 명사>,Early intervention greatly improved the patient's recovery.
intervention,/ˌɪntərˈvɛnʃən/,(가족이나 친구 등의) 개입 <치료나 행동 개선을 목적으로 함>,The family staged an intervention to help him quit drinking.
immediate,/ɪˈmiːdiət/,"직접적인, 직접적으로 영향을 미치는 <명사 앞에만 씀>",The storm posed an immediate threat to the coast.
diversify,/daɪˈvɜːrsɪfaɪ/,"~을 다양화하다, 다각화하다 <타동사>",The company decided to diversify its product line.
clarification,/ˌklærəfɪˈkeɪʃən/,"설명, 해명",I asked the professor for clarification on the assignment.
ask ~ out,,~에게 데이트를 신청하다,He finally worked up the courage to ask her out this weekend.
displace,/dɪsˈpleɪs/,(살던 곳에서) 쫓아내다,The war displaced thousands of families from their homes.
drill,/drɪl/,반복 연습,The teacher led a vocabulary drill to reinforce the new words.
pragmatism,/ˈpræɡməˌtɪzəm/,실용주의,Her pragmatism helped the team focus on realistic goals.
talk ~ out,,~을 철저히 논의하다,Let's sit down and talk this problem out before deciding.
get off,,"(명령문으로 쓰여) 손 떼, 손 놔","Get off my new car right now, you're scratching it!"
make up to ~,,"~에게 아첨하다, 알랑거리다 <영국식 표현>",He's always trying to make up to the boss for a promotion.
quarantine,/ˈkwɔrənˌtin/,"격리, 격리 기간, 격리 장소",The travelers spent two weeks in quarantine after arriving.
quarantine,/ˈkwɔrənˌtin/,격리하다 <자동사>,Doctors decided to quarantine the patients showing early symptoms.
no way,,"절대로 아니다, 결코 안 되다",No way am I lending him money after last time.
full of it,,"구라 치고 있는, 거짓말을 하는","Don't believe him, he's completely full of it about that trip."
apricot,/ˈæprɪˌkɑt/,살구,She picked a ripe apricot from the tree in the garden.
stench,/stɛntʃ/,악취,A terrible stench rose from the overflowing garbage bins.
redemption,/rɪˈdɛmpʃən/,"구원, 구함 <격식>",The novel explores a criminal's search for redemption.
freak,/frik/,"경악하다, 자제력을 잃다, 기겁하다 <흥분, 공포, 분노, 긴장 등으로>","Don't freak when you see the exam results, stay calm."
hemisphere,/ˈhɛmɪˌsfɪr/,반구체,Australia lies in the southern hemisphere of the planet.
cramped,/kræmpt/,(방 등이) 비좁은,"Five people shared the tiny, cramped apartment downtown."
sleep funny,,잠을 잘못 자다 <주로 아침에 목이나 어깨 등이 결리는 상황>,My neck aches because I slept funny last night.
complement,/ˈkɑmpləˌmɛnt/,"보완하다, 좋은 조합을 이루다, ~의 좋은 점을 더 살려 주다",The rich sauce nicely complements the grilled salmon.
blur,/blɜr/,"(기억이) 희미한 것, 흐릿한 것",That whole hectic evening is just a blur to me now.
movement,/ˈmuvmənt/,운동,The environmental movement gained millions of new supporters.
regard,/rɪˈɡɑrd/,"안부, 안부의 말 <편지 끝 부분이나 다른 사람에게 안부를 전할 때 씀>",Please give my warmest regards to your parents.
on one's feet,,"(병을 앓은 후에) 일어나서, 다 나아서","After weeks in bed, she's finally back on her feet."
on one's feet,,"(경제적, 사업적으로) 형편이 괜찮은",The new loan helped the small business get back on its feet.
manipulate,/məˈnɪpjəˌleɪt/,조종하다 <부정적인 어감>,He tried to manipulate his coworkers into doing his tasks.
nasty,/ˈnæsti/,"(장소나 환경 등이) 몹시 지저분한, 너무 더러운","The abandoned kitchen was nasty, covered in mold and grease."
nasty,/ˈnæsti/,"끔찍한, 형편없는, 역겨운, 지저분한",He gave me a nasty look and slammed the door.
nasty,/ˈnæsti/,"못된, 불쾌한, 고약한, 심술궂은",Their neighbor is a nasty man who yells at children.
norm,/nɔrm/,기준,Working from home has become the norm at many companies.
funny,/ˈfʌni/,"묘한, 이상한",There's a funny smell coming from the basement.
by far,,"훨씬, 단연코 <비교급, 최상급 형용사, 부사와 함께 쓰임>",This is by far the best pizza in the entire city.
pensive,/ˈpɛnsɪv/,"수심에 잠긴, 깊은 생각에 잠긴, 수심 어린",She grew pensive as she stared out the rainy window.
conceited,/kənˈsitɪd/,"자만심이 강한, 자만하는",He's so conceited that he thinks everyone admires him.
feast,/fist/,"연회, 잔치",The village held a grand feast to celebrate the harvest.
exotic,/ɪɡˈzɑtɪk/,"이국적인, 색다른, 이국풍의",The market sold exotic fruits I had never seen before.
sanctuary,/ˈsæŋktʃuˌɛri/,"피난처, 안식처",The quiet library became her sanctuary during exam week.
dispose of ~,,"처리하다, 해결하다",We need to dispose of these old chemicals safely.
meet,/mit/,"경기, 대회, 운동회",She won two gold medals at the regional swim meet.
martial artist,/ˈmɑrʃəl ˈɑrtɪst/,"무술가, 격투기 선수",The martial artist demonstrated a flawless spinning kick.
meditate,/ˈmɛdɪˌteɪt/,"명상하다, 묵상하다",She likes to meditate for twenty minutes each morning.
insomnia,/ɪnˈsɑmniə/,불면증,Stress at work gave him severe insomnia for months.
beekeeper,/ˈbiˌkipər/,양봉가,The beekeeper harvested fresh honey from the hives.
pipe dream,/ˈpaɪp ˌdrim/,몽상 <아편 파이프로 아편을 흡입할 때 생기는 환각에서 유래된 표현>,Owning a private island is just a pipe dream for most.
get black eye,,눈에 멍이 들다,He got a black eye during the boxing match yesterday.
every single,,단 하나의 ~도 빼놓지 않고,She read every single page of the report carefully.
carver,/ˈkɑrvər/,조각가,The wood carver spent weeks shaping the delicate statue.
county,/ˈkaʊnti/,"군 <영국, 아일랜드, 미국에서 행정 구역의 한 종류. 미국의 주(州)보다 작은 단위>",The fair attracts visitors from all across the county.
lay ~ on ~,,"~에게 ~을 말하다, ~에게 ~을 털어놓다 <비격식적인 표현>","Come on, lay the truth on me, I can handle it."
household name,/ˈhaʊsˌhoʊld ˈneɪm/,"누구나 아는 이름, 유명한 사람",That actor became a household name after the hit series.
take up ~,,"(시간, 공간을) 차지하다, 쓰다",The huge sofa takes up half of the living room.
implore,/ɪmˈplɔr/,"애원하다, 간청하다 <문어체>",She implored the judge to show her son mercy.
bracelet,/ˈbreɪslɪt/,팔찌,He gave her a silver bracelet for her birthday.
one-off,/ˈwʌnˌɔf/,"일회성의, 단 한 번의","This concert is a one-off event, so don't miss it."
have a ball,,신나게 즐기다,The kids had a ball at the amusement park all day.
anecdote,/ˈænɪkˌdoʊt/,일화,He shared a funny anecdote about his first job interview.
insult,/ɪnˈsʌlt/,모욕하다,He didn't mean to insult you with that careless remark.
synonymous,/sɪˈnɑnəməs/,"동의어의, 유의어의, 같은 뜻의",His name became synonymous with honesty and hard work.
lousy,/ˈlaʊzi/,"(몸 상태가) 아주 안 좋은, 안 좋은, 엉망인","I feel lousy today, maybe I'm catching a cold."
catchy,/ˈkætʃi/,"기억하기 쉬운, 기억에 잘 남는",The advertisement uses a catchy tune you can't forget.
rein ~ in,,"(비유적으로) 통제하다, 제한하다, 고삐를 죄다",The manager tried to rein spending in before the audit.
run into ~,,(~를) 우연히 마주치다,I ran into an old classmate at the grocery store.
run,/rʌn/,"(선거에) 출마하다, 입후보하다",She decided to run for mayor in next year's election.
slip out,,(비밀이 입에서) 무심코 튀어나오다,The secret just slipped out before I could stop myself.
roll with it,,"흐름에 맡기다, 있는 그대로 받아들이다 <상황 변화에 당황하지 않고 유연하게 대처하다>","Plans changed suddenly, but we decided to roll with it."
nominal,/ˈnɑmɪnəl/,"아주 적은, 얼마 안 되는",The museum charges only a nominal fee for students.
co-star,/ˈkoʊˌstɑr/,"(주연급으로) 함께 공연한 배우, 공동 주연",She married her co-star from the romantic film.
mow,/moʊ/,"(잔디밭 같은 공간에 난 풀을) 깎다, 베다",He has to mow the lawn every Saturday morning.
whimper,/ˈwɪmpər/,"훌쩍이다, 훌쩍이며 말하다",The frightened puppy began to whimper in the corner.
taxing,/ˈtæksɪŋ/,"아주 힘든, 부담이 큰 <정신적, 육체적 노력이 많이 필요함>",The long hike was more taxing than we expected.
exhale,/ɛksˈheɪl/,숨을 내쉬다,"Take a deep breath, then slowly exhale through your mouth."
leftover,/ˈlɛftˌoʊvər/,(식사한 후) 남은 음식,We ate the leftovers from last night's dinner for lunch.
leftover,/ˈlɛftˌoʊvər/,"나머지의, 남은",She used the leftover paint to touch up the fence.
walk out on ~,,"~를 떠나다, ~를 버리다",He walked out on his family without any explanation.
day one,,"첫날, 최초",They've been best friends since day one of college.
daydream,/ˈdeɪˌdrim/,"백일몽을 꿈꾸다, 몽상에 잠기다",He tends to daydream during boring afternoon lectures.
pinnacle,/ˈpɪnəkəl/,"뾰족한 바위, 뾰족한 산봉우리",Climbers rested at the base of the icy pinnacle.
restrict,/rɪˈstrɪkt/,"~을 ~에 국한시키다, ~을 ~으로 제한하다",The new rule restricts parking to residents only.
open up,,마음을 터놓다,It took him years to open up about his childhood.
obligate,/ˈɑblɪˌɡeɪt/,"(법률, 도덕상의) 의무를 지우다",The contract obligates the tenant to pay for repairs.
behave,/bɪˈheɪv/,예의 바르게 행동하다,The teacher asked the children to behave during the trip.
devastate,/ˈdɛvəˌsteɪt/,"(사람에게) 엄청난 충격을 주다, 비탄에 빠뜨리다",The sudden news of the loss devastated the whole family.
take advantage,,"~을 이용해 먹다, ~을 악용하다",He tried to take advantage of her kindness for money.
vet,/vɛt/,수의사,We took the sick cat to the vet this morning.
when,/wɛn/,~인데도 불구하고,Why buy a new one when the old one still works?
evolve,/ɪˈvɑlv/,"(점진적으로) 발달하다, 진전하다",Their small blog slowly evolved into a major magazine.
around,/əˈraʊnd/,"(사람이) 가까이 있는, 어울려 지내는",It's comforting to have good friends around during hard times.
rubbish,/ˈrʌbɪʃ/,"(질이) 형편없는 것, 쓰레기 같은 것, 쓰레기 <형용사로도 쓰임>",That movie was absolute rubbish and a waste of money.
haunted,/ˈhɔntɪd/,"(건물이) 귀신이 나오는, 유령이 나오는",Locals claim the old mansion is haunted at night.
stocky,/ˈstɑki/,체격이 다부진,The stocky wrestler easily lifted his lighter opponent.
switch over,,"(위치, 입장, 직장 등을) 바꾸다","After ten years in sales, he switched over to marketing."
revive,/rɪˈvaɪv/,"소생하다, 의식을 회복하다, 부활하다 <자동사>",The patient began to revive minutes after the treatment.
invalid,/ˈɪnvəlɪd/,(혼자 생활하기 어려운) 병약자,The elderly invalid needs a nurse to help each day.
pry,/praɪ/,"(남의 사생활을) 캐묻다, 캐다","I don't mean to pry, but are you feeling alright?"
hear ~ out,,~의 말을 끝까지 들어주다,Please just hear me out before you make a decision.
toddler,/ˈtɑdlər/,걸음마를 배우는 아이,The toddler took her first wobbly steps across the room.
distract,/dɪˈstrækt/,"(정신이) 집중이 안 되게 하다, 산만하게 하다",Loud noises outside distract me while I'm studying.
balmy,/ˈbɑmi/,"(공기, 날씨 등이) 아늑한, 훈훈한",We enjoyed a balmy evening on the beach in June.
narrative,/ˈnærətɪv/,"이야기, 서술, 기술, 묘사 <이야기 속 일련의 사건을 나열하여 서술한 것>",The novel's gripping narrative kept me reading until dawn.
sort of,,"어느 정도, 다소","I sort of understand the theory, but not completely."
sort of,,일종의,It's sort of a game where you guess the answers.
pop,/pɑp/,빵 하고 터지다,The balloon will pop if you squeeze it too hard.
perception,/pərˈsɛpʃən/,"(~에 대한) 인식, 이해",The scandal changed the public's perception of the company.
tie,/taɪ/,비겨서 ~이 되다,The two teams tied at three goals each.
rampage,/ˈræmpeɪdʒ/,광란 <많은 사람이 폭력적이고 무질서하게 행동하는 것>,The angry crowd went on a rampage through downtown.
thigh,/θaɪ/,"허벅지, 넓적다리",He pulled a muscle in his left thigh while sprinting.
raise,/reɪz/,"모으다, 얻어 내다, 형성하다",They managed to raise ten thousand dollars for charity.
parched,/pɑrtʃt/,몹시 목마른 <비격식적인 표현>,"After the long hike, we were absolutely parched."
fire away,,"(명령문 형태로 쓰여) 말하세요, 질문하세요","If you have any questions, fire away, I'm listening."
vein,/veɪn/,"방식, 태도",She continued the speech in a more serious vein.
vein,/veɪn/,정맥,The nurse carefully inserted the needle into his vein.
over time,,시간이 지남에 따라,"Over time, the small cracks in the wall widened."
trailer,/ˈtreɪlər/,"(영화, 텔레비전 프로의) 예고편",The movie's trailer made everyone excited for the release.
subdue,/səbˈdu/,"진압하다, 제압하다",Police quickly moved in to subdue the violent protesters.
go into ~,,"(어떤 일, 행동을) 하기 시작하다","After his mother died, he went into a deep depression."
go into ~,,"~을 검토하다, ~에 대해 논의하다, ~에 대해 자세히 말하다",I don't want to go into the details right now.
fabulous,/ˈfæbjələs/,"기막히게 좋은, 기막히게 멋진",You look absolutely fabulous in that new red dress.
close call,/ˈkloʊs ˈkɔl/,아슬아슬한 상황,That was a close call; the car nearly hit us.
disease,/dɪˈziz/,"질병, 병, 질환",Early detection greatly improves the chances of curing the disease.
know the drill,,"어떻게 하는지 알다, 방법을 알다, 상황을 알다","You've done this before, so you know the drill."
inflamed,/ɪnˈfleɪmd/,(신체 부위에) 염증이 생긴,Her throat was red and inflamed from the infection.
conductor,/kənˈdʌktər/,"승무원 <기차, 버스 등에서 승차권을 확인하거나 차의 원활한 운행을 돕는 사람>",The conductor checked every passenger's ticket on the train.
butcher,/ˈbʊtʃər/,(고기를 얻기 위해 동물을) 도축하다,The farmer will butcher the pigs before winter arrives.
happen,/ˈhæpən/,"마침 ~하다, 마침 ~이다, 공교롭게도 ~하다",I happen to know the answer to that question.
silence,/ˈsaɪləns/,"(아무도 말을 하지 않는) 침묵, 묵념",The crowd observed a moment of silence for the victims.
blow ~ off,,~를 바람맞히다,She blew me off and never showed up for dinner.
fringe,/frɪndʒ/,(눈썹 위까지 내려오게 자른) 앞머리 <영국식 표현. 주로 여성의 앞머리를 가리킴>,She got a new fringe cut just above her eyebrows.
get to ~,,"~하게 되다, ~할 기회를 갖다",I finally got to meet my favorite author yesterday.
identify,/aɪˈdɛntɪˌfaɪ/,"~을 찾다, 발견하다",Scientists worked hard to identify the cause of the outbreak.
fridge,/frɪdʒ/,냉장고,There's some leftover cake in the fridge if you're hungry.
genetic,/dʒəˈnɛtɪk/,"유전의, 유전학의",The disease is caused by a rare genetic mutation.
crouch,/kraʊtʃ/,"몸을 쭈그리다, 쪼그려 앉다",He had to crouch down to enter the low doorway.
endangered,/ɪnˈdeɪndʒərd/,멸종 위기에 처한,The panda is an endangered species protected by law.
relevant,/ˈrɛləvənt/,"(~와) 직접적인 관련이 있는, 밀접하게 관련된",Please include only information that is relevant to the case.
relevant,/ˈrɛləvənt/,"(현재의 상황에도) 유의미한, 의의가 있는",The old philosopher's ideas are still relevant today.
blast,/blæst/,신나는 시간,We had a blast at the beach party last weekend.
chant,/tʃænt/,(연이어 외치는) 구호,The fans broke into a loud chant for their team.
feel compelled to ~,,~해야 한다는 생각이 강하게 들다,She felt compelled to apologize after realizing her mistake.
location,/loʊˈkeɪʃən/,"장소, 곳, 위치",They chose a scenic location for the wedding ceremony.
let ~ off the hook,,"봐주다, 곤란한 상황을 면하게 해 주다, 처벌을 피하게 해 주다",The teacher let him off the hook for the late assignment.
therapist,/ˈθɛrəpɪst/,심리 치료사,She sees a therapist every week to manage her anxiety.
ornate,/ɔrˈneɪt/,(복잡한 패턴이나 형태로) 화려하게 장식된,The palace ceiling was covered in ornate gold carvings.
choir,/ˈkwaɪər/,"합창단, 성가대",She sings in the church choir every Sunday morning.
corn dog,/ˈkɔrn ˌdɔɡ/,"콘도그, 핫도그 <막대기에 소시지를 꽂고 밀가루와 옥수수 반죽을 입혀 튀긴 음식>",He bought a corn dog and lemonade at the fair.
address,/əˈdrɛs/,"~을 다루다, ~의 대응에 나서다, ~에 대처하다",The mayor promised to address the housing crisis soon.
dialectic,/ˌdaɪəˈlɛktɪk/,변증법적 방식,The professor explained Hegel's dialectic in simple terms.
oversleep,/ˌoʊvərˈslip/,늦잠 자다,I missed the bus because I overslept this morning.
ask a favor of,,~에게 부탁을 하다,May I ask a favor of you before you leave?
hypocrite,/ˈhɪpəˌkrɪt/,위선자,He's a hypocrite who preaches honesty but always lies.
cramp,/kræmp/,"(근육에 생기는) 경련, 쥐",She got a painful cramp in her leg while swimming.
hog,/hɔɡ/,할리데이비슨 오토바이,He rode his shiny black hog down the open highway.
swing by,,~에 잠깐 들르다,I'll swing by your office after lunch to grab it.
grumpy,/ˈɡrʌmpi/,"투덜대는, 짜증을 잘 내는",He's always grumpy before he's had his morning coffee.
mobilization,/ˌmoʊbələˈzeɪʃən/,"(물자, 수단 등의) 동원",The crisis required rapid mobilization of medical resources.
whistle-blower,/ˈwɪsəlˌbloʊər/,(기업 비리 등의) 내부 고발자,The whistle-blower exposed the company's illegal accounting.
authenticity,/ˌɔθɛnˈtɪsɪti/,"확실성, 신빙성, 진짜임",Experts questioned the authenticity of the ancient painting.
engagement,/ɪnˈɡeɪdʒmənt/,"관여, 참여, 관계함",The campaign boosted customer engagement on social media.
viral,/ˈvaɪrəl/,"바이럴의, 바이럴한 <SNS나 입소문을 통해 사람들에게 빠르게 퍼지는>",Her funny video went viral within just a few hours.
intangible,/ɪnˈtændʒəbəl/,"무형의, 만질 수 없는, 형체가 없는",Trust is an intangible asset that takes years to build.
scarcity,/ˈskɛrsɪti/,"부족, 결핍",The drought caused a serious scarcity of clean water.
disruptive,/dɪsˈrʌptɪv/,"와해성의, 파괴적인 <업계를 완전히 재편성할 정도로 혁신적인>",The startup introduced a disruptive technology to the market.
monetization,/ˌmɑnətəˈzeɪʃən/,"수익화, 수익 창출",The platform explored new monetization strategies for creators.
scalability,/ˌskeɪləˈbɪlɪti/,확장성 <컴퓨터 용어>,Cloud servers offer great scalability as demand grows.
interoperability,/ˌɪntərˌɑpərəˈbɪlɪti/,(국가 간 군사 무기 체계의) 상호운용성,Allied forces trained together to improve their interoperability.
encryption,/ɪnˈkrɪpʃən/,암호화 <평문을 암호로 만드는 과정>,Strong encryption keeps your online messages private.
grass roots,/ˈɡræs ˌruts/,"민초, 보통 사람들, 보통 구성원들",The movement grew from the grass roots of the community.
interdependence,/ˌɪntərdɪˈpɛndəns/,상호 의존,Global trade creates deep interdependence among nations.
decentralize,/diˈsɛntrəˌlaɪz/,"(권력, 조직 등을) 분권화하다, 분산시키다",The company plans to decentralize decision-making across regions.
participatory,/pɑrˈtɪsɪpəˌtɔri/,"참여의, 참가의",The town uses a participatory process for its budget.
reciprocity,/ˌrɛsəˈprɑsɪti/,호혜(互惠),Their friendship is built on trust and reciprocity.
hierarchy,/ˈhaɪəˌrɑrki/,"계층 구조, 계층제, 계급 제도",The company has a strict hierarchy of management levels.
solidarity,/ˌsɑləˈdɛrɪti/,"연대, 결속",Workers marched in solidarity with the striking miners.
grill,/ɡrɪl/,"그릴에 굽다, 석쇠에 굽다",We're going to grill some burgers in the backyard tonight.
praise,/preɪz/,칭찬하다,The coach praised the team for their hard work.
set ~ up,,"소개팅을 주선하다, 맞선을 주선하다",My friend set me up with her handsome coworker.
sit tight,,(자리를 옮기지 않고) 있는 자리에 그대로 있다,Just sit tight; the doctor will see you shortly.
fairly,/ˈfɛrli/,"상당히, 꽤","The exam was fairly difficult, but I passed it."
appreciate,/əˈpriʃiˌeɪt/,"(상황이나 사물을 제대로) 인식하다, 파악하다",You need to appreciate the full scale of this problem.
appreciate,/əˈpriʃiˌeɪt/,"진가를 알아보다, 인정하다",Few people truly appreciate the effort behind her success.
case,/keɪs/,"실정, 사실 <말하고 있는 내용이 실제 상황에 부합한다는 뜻>","If that is the case, we should change our plan."
by now,,"지금쯤은 이미, 이제",They should have arrived home by now.
elicit,/ɪˈlɪsɪt/,"(정보, 반응을 어렵게) 끌어내다 <격식>",The detective tried to elicit a confession from the suspect.
altruistic,/ˌæltruˈɪstɪk/,이타적인,Her altruistic nature led her to volunteer every weekend.
tacky,/ˈtæki/,"싸구려 같은, 조잡한, 엉성한","The souvenir shop sold cheap, tacky plastic ornaments."
pass ~ out,,(각자에게) ~을 나눠 주다,The teacher passed the worksheets out to every student.
flyer,/ˈflaɪər/,"(광고, 안내용) 전단, 전단지",They handed out a flyer advertising the weekend sale.
grateful,/ˈɡreɪtfəl/,"고마워하는, 감사하는",I'm so grateful for all the help you've given me.
that is ~ you've got there,,"그거참 ~이네, 그거 정말 ~이네 <다양한 감정을 나타낼 때 씀>",That is a lovely dress you've got there.
daily life,/ˈdeɪli ˈlaɪf/,일상생활,Smartphones have become an essential part of daily life.
diversion,/dɪˈvɜrʒən/,"머리를 식히기 위해 하는 활동, 오락 <격식>",Gardening is a pleasant diversion after a stressful week.
badly,/ˈbædli/,"간절히, 너무, 몹시 <희망, 필요 등을 강조함>",She badly wanted to win the scholarship this year.
for a change,,"여느 때와 달리, 색다르게",Let's eat out tonight for a change.
in person,,"직접, 몸소, 직접 만나서",I'd rather discuss this matter with you in person.
seemingly,/ˈsimɪŋli/,"외견상으로, 겉보기에는",The seemingly simple task took hours to finish.
kind of like,,마치,"The room felt cozy, kind of like a warm cabin."
fill one's shoes,,"~의 후임이 되다, ~를 대신하다",It won't be easy to fill her shoes as director.
bother,/ˈbɑðər/,굳이 ~하려고 애쓰다,Don't bother cooking; we can just order takeout tonight.
ambience,/ˈæmbiəns/,(어떤 장소의) 분위기,"The candlelit restaurant had a warm, romantic ambience."
diaper,/ˈdaɪpər/,기저귀,She quickly changed the baby's wet diaper before bed.
armpit,/ˈɑrmˌpɪt/,겨드랑이,He felt a sharp pain under his left armpit.
get used to,,~에 익숙해지다,It took me weeks to get used to the new schedule.
temptation,/tɛmpˈteɪʃən/,유혹,She couldn't resist the temptation to eat another slice of cake.
sprain,/spreɪn/,"(특히 팔목, 발목을) 삐다, 접지르다",I fell and sprained my ankle while playing soccer.
trout,/traʊt/,송어,We caught a large trout in the mountain stream.
pea,/piː/,완두콩,She left a single pea on the edge of her plate.
hilarious,/hɪˈlɛriəs/,"아주 우스운, 아주 재미있는",The comedian's new show was absolutely hilarious.
pet,/pɛt/,"(동물, 아이를 다정하게) 어루만지다, 쓰다듬다",She gently petted the dog on its head.
regress,/rɪˈɡrɛs/,"퇴행하다, 퇴보하다","Without practice, his skills began to regress quickly."
get set,,준비를 갖추다,"On your marks, get set, go!"
redeem,/rɪˈdiːm/,(전당포에 맡긴 귀중품 등을 돈을 주고) 되찾다,He went to the pawnshop to redeem his grandfather's watch.
yet another,,또 하나의,This is yet another example of his carelessness.
marvel,/ˈmɑrvəl/,"경이, 경이로운 사람, 경이로운 것",The ancient bridge is a marvel of engineering.
do you mind?,,"저기요!, 그만 좀 하세요! <짜증이 난 상태에서 상대방에게 하는 말>",Do you mind? I'm trying to concentrate here.
chitchat,/ˈtʃɪtˌtʃæt/,"수다, 잡담",We spent the afternoon in casual chitchat over coffee.
as well,,~도 또한 <too와 같은 의미>,"I'd like a coffee, and a slice of cake as well."
when to,,언제 ~할지,He hasn't decided when to start his new business.
remarkable,/rɪˈmɑrkəbəl/,"놀랄 만한, 놀라운, 주목할 만한",She made a remarkable recovery after the surgery.
muse,/mjuːz/,"골똘히 생각하다, 곰곰이 생각하다, 사색하다","He sat by the window, musing about his future."
muse,/mjuːz/,"(작가, 화가 등에게 영감을 주는) 뮤즈",The painter said his wife was his greatest muse.
social butterfly,/ˈsoʊʃəl ˈbʌtərflaɪ/,"사교성이 뛰어난 사람, 어울리기 좋아하는 사람",My sister is a real social butterfly at every party.
take ~ too far,,"~의 도를 지나치다, ~을 도를 지나치게 하다",I think you're taking this too far.
keep one's chin up,,"(어려운 상황일지라도) 힘을 내다, 기운 내다",Keep your chin up; things will get better soon.
cursive,/ˈkɜrsɪv/,"필기체, 흘림글씨",She writes her name in beautiful cursive.
interject,/ˌɪntərˈdʒɛkt/,말참견을 하다,He interjected a comment during the meeting.
pull over,,"차를 대다, 차를 길가에 세우다, 길가에 정차하다 <정차하는 것을 뜻함>",The police officer asked the driver to pull over.
refer to ~,,~을 나타내다,The pronoun 'it' refers to the cat in this sentence.
bittersweet,/ˈbɪtərˌswiːt/,"(경험, 상황, 기억 등이) 괴로우면서도 즐거운",Graduation was a bittersweet moment for all of us.
study,/ˈstʌdi/,"자세히 살펴보다, 유심히 보다",She studied the map carefully before the trip.
you got me,,"모르겠는데, 모르지 <질문에 대한 답을 모를 때 씀>",You got me. I have no idea what the answer is.
you got me,,"들통났네, 들켰네",You got me! I ate the last cookie.
screw ~ up,,"~을 엉망으로 하다, ~을 망치다 <속어>",I really screwed up my presentation today.
out of breath,,숨이 가쁜,"After running upstairs, she was completely out of breath."
naturalize,/ˈnætʃərəlaɪz/,"~를 귀화시키다, ~에게 시민권을 주다",He was naturalized as a citizen last year.
count,/kaʊnt/,(정식으로) 인정되다 <자동사>,Does this goal count if the whistle already blew?
count,/kaʊnt/,"~으로 간주되다, 여겨지다","In many countries, a bicycle counts as a vehicle."
count,/kaʊnt/,백작,The count lived in a grand castle overlooking the valley.
count,/kaʊnt/,중요하다 <'세는 데 포함된다'라는 뜻에서 파생됐기 때문에 중요하다는 의미가 됨>,Every vote counts in a close election.
turn ~ down,,~을 거절하다,She decided to turn down the job offer.
night person,/naɪt ˈpɜrsən/,저녁형 인간,"I'm a night person, so I do my best work late."
more of ~,,"오히려, 오히려 ~같은, 오히려 ~에 가까운, 다소",He's more of a listener than a talker.
behind the wheel,,"운전대를 잡고 있는, 운전 중에",He fell asleep behind the wheel and had an accident.
spot,/spɑt/,"알아채다, 발견하다, 찾다",I spotted my friend in the crowded room.
take action,,조치를 취하다,We must take action to protect the environment.
classy,/ˈklæsi/,"세련된, 고급스러운, 기품 있는, 품격 있는",She wore a classy black dress to the gala.
cost a fortune,,"엄청나게 비싸다, 돈이 엄청나게 많이 들다",That designer handbag must have cost a fortune.
presume,/prɪˈzuːm/,"추정하다, 여기다, 생각하다",I presume you've already finished your homework.
presume,/prɪˈzuːm/,"~을 사실로 상정하다, ~이 존재한다는 것을 전제로 하다 <격식>",The law presumes that everyone is innocent until proven guilty.
assessment,/əˈsɛsmənt/,평가,The teacher gave a fair assessment of my work.
for now,,"현재로서는, 당장은, 우선은 <곧 상황이 달라질 것임을 강조함>",Let's stop here for now and continue tomorrow.
out loud,,"소리 내어, 소리 내서",She read the poem out loud to the class.
pitch-black,/ˌpɪtʃ ˈblæk/,칠흑같이 어두운,The room was pitch-black when the power went out.
at all,,"(의문문에서) 조금이라도, 도대체",Do you have any money at all?
at the mercy of ~,,"~에 휘둘리는, ~ 앞에서 속수무책인",The small boat was at the mercy of the storm.
mop,/mɑp/,대걸레로 닦다,She mopped the kitchen floor after dinner.
ancestor,/ˈænsɛstər/,"(사람의) 조상, 선조",My ancestors came from a small village in Ireland.
what brings you,,무슨 일로 ~에 오셨어요?,What brings you to the city today?
stuffy,/ˈstʌfi/,(코가) 막힌,My nose is stuffy because of this cold.
sore throat,/sɔr θroʊt/,인후염,I woke up with a sore throat this morning.
there is no such thing,,(~같은) 그런 것은 세상에 없다,There is no such thing as a free lunch.
dignified,/ˈdɪɡnɪfaɪd/,"위엄 있는, 품위 있는",The elderly man had a calm and dignified manner.
could have been worse,,"그만하길 다행이다, 이 정도면 괜찮다, 최악은 면했다","We lost the game, but it could have been worse."
how come?,,"왜?, 어째서?, 어째서 ~인가?",How come you didn't call me last night?
circumstance,/ˈsɜrkəmstæns/,"(일, 사건 등을 둘러싼) 환경, 상황, 정황 <주로 복수형으로 씀>","Under the circumstances, we made the best decision possible."
these days,,"(과거와 비교해서) 요즘, 요즘에는","These days, everyone seems to have a smartphone."
diversity,/dɪˈvɜrsɪti/,"다양한 사람의 포용, 다문화 배려",Our company values diversity in the workplace.
composite,/kəmˈpɑzɪt/,"몽타주 사진 합성 장치, 몽타주",The police created a composite of the suspect's face.
custody,/ˈkʌstədi/,"양육권, 보호권, 관리권, 양육, 관리","After the divorce, she got custody of the children."
custody,/ˈkʌstədi/,"(특히 재판 전의) 유치, 구류",The suspect was taken into custody by the police.
cocky,/ˈkɑki/,자만심에 찬,He became cocky after winning a few games.
take one's pick,,"마음에 드는 것을 골라잡다, 마음대로 선택하다","There are many desserts, so take your pick."
bounty,/ˈbaʊnti/,"현상금, 포상금",The sheriff offered a bounty for the outlaw's capture.
What about it?,,"그래서 어쨌다는 거야? <""so what""과 같은 의미>",So I was late. What about it?
dice,/daɪs/,"주사위 <미국에서는 단수형으로 die, 복수형으로 dice를 씀>",He rolled the dice and hoped for a six.
would rather ~,,"차라리 ~하겠다, 차라리 ~하고 싶다, ~를 선호하다",I would rather stay home than go out tonight.
obsession,/əbˈsɛʃən/,"집착, 강박 관념 <머릿속에서 뭔가에 관한 생각이 떠나지 않는 것>",Her obsession with cleanliness drove everyone crazy.
mean it,,"진심이다, 정말이다, 진심으로 하는 말이다","I love you, and I really mean it."
hood,/hʊd/,동네 <특히 미국에서 주로 쓰이는 속어>,He grew up in a tough hood in the city.
convict,/kənˈvɪkt/,"유죄를 선고하다, 유죄 판결을 내리다",The jury convicted him of the crime.
conceal,/kənˈsiːl/,"감추다, 숨기다 <격식>",She tried to conceal her disappointment with a smile.
prime,/praɪm/,"전성기, 한창때","At the prime of his career, he retired suddenly."
extinction,/ɪkˈstɪŋkʃən/,"멸종, 절멸, 소멸",Many species are on the brink of extinction.
to the point of ~,,"~라고 할 정도로, ~라고 할 수 있을 정도로",He was tired to the point of collapse.
incredible,/ɪnˈkrɛdəbəl/,"놀라운, 훌륭한, 대단한, 굉장한",The view from the mountaintop was absolutely incredible.
falling-out,/ˈfɔlɪŋ ˌaʊt/,"다툼, 사이가 틀어지는 일 <비격식>",The two friends had a falling-out over money.
blossom,/ˈblɑsəm/,"(나무, 관목이) 꽃 피다, 꽃을 피우다",The cherry trees blossom every spring.
talk in one's sleep,,잠꼬대를 하다,My brother often talks in his sleep.
carve,/kɑrv/,"조각하다, 깎아서 만들다",He carved a small boat out of wood.
for your information,,뭔가 잘못 알고 계신 것 같은데 <FYI로 줄여서 말하기도 함>,"For your information, I already finished that task."
medication,/ˌmɛdɪˈkeɪʃən/,"약, 약물",The doctor prescribed medication for my allergies.
jump into ~,,"갑자기 ~을 시작하다, ~에 뛰어들다",Don't jump into a decision without thinking it through.
drop the ball,,(책임지고 있는 일을) 실수로 망치다,He dropped the ball on the project and missed the deadline.
cut ~ some slack,,~을 덜 몰아붙이다,Cut him some slack; he's new here.
moral,/ˈmɔrəl/,"(이야기, 경험 등의) 교훈",The moral of the story is to always be honest.
spend,/spɛnd/,(돈을) 쓰다,She spends too much money on clothes.
damage,/ˈdæmɪdʒ/,"(~에 대한) 손상, 피해 <물리적인 피해를 뜻함>",The storm caused serious damage to the roof.
present,/prɪˈzɛnt/,"(사람들이 보거나 검토하도록) 제시하다, 제출하다",She presented her research to the committee.
diagnosis,/ˌdaɪəɡˈnoʊsɪs/,진단,The doctor's diagnosis was a mild case of the flu.
transfusion,/trænsˈfjuːʒən/,수혈 <의학 용어>,The patient needed a blood transfusion after the accident.
sweep ~ back,,(머리를) 뒤로 쓸어올리다,She swept her hair back into a ponytail.
for good,,영원히,He left the town for good and never returned.
deliver,/dɪˈlɪvər/,"내놓다, 산출하다, 약속 지키다",The new manager promised to deliver better results.
frown,/fraʊn/,"눈살을 찌푸리다, 얼굴을 찡그리다",She frowned when she heard the bad news.
crabby,/ˈkræbi/,"(사람이) 까칠한, 괴팍한",He gets crabby when he doesn't get enough sleep.
foodie,/ˈfuːdi/,식도락가 <비격식>,"As a foodie, she loves trying new restaurants."
chubby,/ˈtʃʌbi/,"통통한, 토실토실한",The baby had adorable chubby cheeks.
bull's eye,/ˈbʊlz aɪ/,"적중, 명중",The archer hit the bull's eye on his first try.
all the way,,"내내, 처음부터 끝까지",We drove all the way to the coast in one day.
stay out,,"(~에) 관여하지 않다, (~을) 피하다",You should stay out of their argument.
happily ever after,,오래오래 행복하게,They got married and lived happily ever after.
have no choice but to ~,,"~하지 않을 수 없다, ~하는 수밖에 없다",We had no choice but to cancel the trip.
run out,,"(~을) 다 써버리다, 바닥내다",We ran out of milk this morning.
transplant,/ˈtrænsplænt/,(생체 조직 등의) 이식,He is waiting for a heart transplant.
on one's own,,"혼자, 혼자서, 혼자 힘으로, 자력으로",She finished the project on her own.
kind of,,"좀, 약간, 어느 정도 <비격식적인 표현>",I'm kind of tired after the long walk.
tell,/tɛl/,"~을 알다, 구별하다, 식별하다 <타동사>",Can you tell the difference between these two colors?
more or less,,거의,The project is more or less finished.
drown,/draʊn/,"물에 빠져 죽다, 익사하다",He almost drowned while swimming in the ocean.
make ~ up,,"~을 형성하다, ~을 차지하다, ~을 이루다, ~을 구성하다",Women make up half of the workforce here.
deaf,/dɛf/,"귀가 들리지 않는, 청각 장애가 있는",She has been deaf since birth.
struggle,/ˈstrʌɡəl/,"힘든 것, 힘든 일",Learning a new language was a real struggle for him.
struggle,/ˈstrʌɡəl/,"분투하다, 고투하다, 고심하다, 애쓰다, 허덕이다, 버둥거리다",She struggled to open the heavy door.
imaginative,/ɪˈmædʒɪnətɪv/,"창의적인, 상상력이 풍부한",She wrote an imaginative story about talking animals.
humanity,/hjuːˈmænɪti/,"인류, 인간",The disaster brought out the best in humanity.
what is the occasion,,"뭔 일 있어?, 무슨 일이야?",You're all dressed up! What is the occasion?
hydrate,/ˈhaɪdreɪt/,수분을 공급하다,Remember to hydrate during your workout.
hydrate,/ˈhaɪdreɪt/,수화시키다 <화학 용어. 물 분자와 결합하여 수화물이 되게 하다>,Certain salts hydrate when exposed to water.
persistence,/pərˈsɪstəns/,"(사람의) 고집, 끈기",Her persistence finally paid off when she got the job.
lanky,/ˈlæŋki/,흐느적거리듯 움직이는,The lanky teenager towered over his classmates.
sibling,/ˈsɪblɪŋ/,"(한 명의) 형제, 자매","I have three siblings, two brothers and a sister."
sing along,,"(~와 함께) 따라부르다, 함께 노래하다",The crowd began to sing along with the band.
do well on,,(~을) 잘하다,She hopes to do well on her final exam.
assignment,/əˈsaɪnmənt/,"과제, 임무",The teacher gave us a difficult assignment.
besides,/bɪˈsaɪdz/,"게다가, 뿐만 아니라","I don't want to go; besides, it's raining."
porch,/pɔrtʃ/,"현관 <집의 출입구 앞에 지붕으로 덮인, 건물의 외벽에서 튀어나온 공간>",We sat on the porch and watched the sunset.
tummy,/ˈtʌmi/,배 <유아어. stomach의 변형>,The little boy said his tummy hurt.
that is the spirit,,"바로 그런 정신이야!, 그렇게 하는 거야! <격려하는 말>",That's the spirit! Keep trying and you'll succeed.
kettle,/ˈkɛtəl/,"주전자 <주로 물을 끓일 때 씀. 뚜껑, 손잡이, 주둥이가 달려 있음>",She put the kettle on to make some tea.
next to,,(위치상으로) ~ 옆에,The bank is right next to the post office.
in need,,"어려움에 처해, 도움이 필요한, 궁핍한 <삶에 꼭 필요한 것이 없는 상태>",We should always help those in need.
doodle,/ˈduːdəl/,낙서를 끄적거리다,He doodled little stars all over his notebook.
rip out,,"(비유적으로, 사람의 마음 등을) 찢다",The tragic news seemed to rip out her heart.
while,/waɪl/,"~이긴 하지만, ~에도 불구하고","While I understand your point, I still disagree."
charity,/ˈtʃærɪti/,"자선 단체, 구호 단체",She donates to a local charity every month.
hit on ~,,"~에게 수작을 걸다, ~를 꼬시다",A stranger tried to hit on her at the bar.
intrude,/ɪnˈtruːd/,"침범하다, 함부로 끼어들다, 방해하다",I don't want to intrude on your family time.
intrude,/ɪnˈtruːd/,방해하다,"Sorry to intrude, but I need to ask you something."
guide,/ɡaɪd/,"(~에 대한) 안내, 안내서, 가이드",She bought a travel guide before her trip.
increase,/ˈɪnkriːs/,(수량의) 증가,There was a sharp increase in prices this year.
barely,/ˈbɛrli/,"거의 ~아니게, 거의 ~없이",He barely passed the exam.
apparently,/əˈpærəntli/,"(확실하지는 않지만) 듣자 하니, 알려진 바로는","Apparently, they canceled the concert due to rain."
recess,/ˈriːsɛs/,(학교의) 쉬는 시간,The children played outside during recess.
amused,/əˈmjuːzd/,"재미있어 하는, 즐거워 하는",She was amused by the kitten's playful antics.
fine,/faɪn/,벌금,He had to pay a fine for parking illegally.
affordable,/əˈfɔrdəbəl/,"(가격이) 알맞은, 적당한, 큰 부담 없는 <대다수가 충분히 감당할 수 있는>",We found an affordable apartment near downtown.
dinosaur,/ˈdaɪnəsɔr/,공룡,The museum has a huge dinosaur skeleton on display.
attempt,/əˈtɛmpt/,"(특히 힘든 일을) 시도하다, 애써 해보다",She attempted to climb the mountain despite the storm.
pass away,,돌아가시다 <die라는 말을 피하기 위해 씀>,His grandmother passed away last winter.
upcoming,/ˈʌpˌkʌmɪŋ/,"다가오는, 곧 있을 <명사 앞에만 씀>",Everyone is excited about the upcoming festival.
divide,/dɪˈvaɪd/,"(여러 부분들로) 나뉘다, 갈라지다",The class divided into small groups for the project.
exclusive,/ɪkˈskluːsɪv/,"독점적인, 전용의",The club offers exclusive benefits to its members.
poetic,/poʊˈɛtɪk/,시적인 <아름답거나 감성적인 것을 뜻하는 비유적인 표현으로도 씀>,The sunset had a poetic beauty that left us speechless.
move on,,"(새로운 일, 주제로) 옮기다, 넘어가다",Let's move on to the next topic.
get dressed,,옷을 입다,"Hurry up and get dressed, or we'll be late."
look ~ up,,찾아보다,I'll look up the word in the dictionary.
dairy,/ˈdɛri/,유제품,She avoids dairy because she is lactose intolerant.
official,/əˈfɪʃəl/,"(고위) 공무원, 관리, 임원",A government official announced the new policy.
jerk,/dʒɜrk/,"나쁜 놈, 무례한 놈",Don't be such a jerk to your little brother.
jerk,/dʒɜrk/,홱 움직이다 <갑자기 날카롭게 움직이거나 무엇을 움직이게 하다>,The car jerked forward when he hit the brakes.
shame on you,,부끄러운 줄 알아라,Shame on you for lying to your parents.
stunning,/ˈstʌnɪŋ/,"굉장히 아름다운, 굉장히 멋진, 놀랄만한",She looked absolutely stunning in her wedding dress.
sunscreen,/ˈsʌnskriːn/,자외선 차단제,Don't forget to apply sunscreen before going to the beach.
corruption,/kəˈrʌpʃən/,"부패, 타락",The scandal exposed widespread corruption in the government.
by the time,,"~쯤에, ~할 쯤에는","By the time we arrived, the show had already started."
vital,/ˈvaɪtəl/,"필수적인, 매우 중요한, 없어서는 안 될",Water is vital for all living things.
once,/wʌns/,"일단 ~하면, ~하자마자","Once you finish your homework, you can play outside."
matter,/ˈmætər/,"중요하다, 문제되다 <진행형으로는 쓰이지 않음>",Your opinion really matters to me.
through,/θruː/,~을 겪어,He went through a lot of hardship as a child.
overnight,/ˌoʊvərˈnaɪt/,"하룻밤 사이에, 갑자기, 빨리",The company became famous overnight.
superb,/suːˈpɜrb/,"최고의, 최상의, 대단히 훌륭한",The food at the restaurant was superb.
help oneself,,"(~을) 마음껏 먹다, 마음껏 마시다",Please help yourself to some snacks.
help oneself,,(~을) 마음껏 가져가다,Help yourself to any books on the shelf.
volunteer,/ˌvɑlənˈtɪr/,자원 봉사 하다,She volunteers at the animal shelter every weekend.
clothing,/ˈkloʊðɪŋ/,"(특히 특정한 종류의) 옷, 의복",You should wear warm clothing in winter.
literally,/ˈlɪtərəli/,"말 그대로, 정말로, 완전히 <사실인 내용을 강조하기 위해 씀>",I was literally frozen after standing in the snow.
courage,/ˈkɜrɪdʒ/,용기,It took great courage to speak up in front of everyone.
hang on,,"잠깐, 기다려, 멈춰 봐 <명령형으로 씀>","Hang on a second, I'll be right back."
what ~ look like,,"~는 어떻게 생겼어?, ~는 어떻게 생겼는지 <How does ~ look?과 같은 의미>",What does your new house look like?
habitat,/ˈhæbɪtæt/,"(생물을 둘러싼) 환경, 거주 환경, 서식지",Pollution is destroying the natural habitat of many animals.
squirrel,/ˈskwɜrəl/,"청설모, 다람쥐 <다람쥣과의 동물을 총칭하는 표현>",A squirrel buried an acorn under the tree.
fulfill,/fʊlˈfɪl/,"실현하다, 성취하다, 이루다",She worked hard to fulfill her childhood dream.
investigate,/ɪnˈvɛstɪɡeɪt/,"(범죄, 상황, 사건 등을) 수사하다",The detectives investigated the mysterious robbery.
along with ~,,~와 함께,She came to the party along with her sister.
field trip,/ˈfiːld trɪp/,현장 학습,The students went on a field trip to the zoo.
rush,/rʌʃ/,"급속히 움직이다, 급히 하다, 급히 서두르다",We had to rush to catch the last train.
show up,,(예정된 곳에) 나타나다,He didn't show up for the meeting.
embarrassed,/ɪmˈbærəst/,"(사람이) 창피한, 쑥스러운, 당황스러운",She felt embarrassed when she tripped in public.
break ~ up,,"(모임, 집회, 무리 등을) ~을 해산시키다",The police came to break up the crowd.
cipher,/ˈsaɪfər/,(글로 쓰인) 암호,The spy sent a message written in a secret cipher.
chore,/tʃɔr/,"(빨래, 청소, 설거지 등의) 집안일",Washing the dishes is my least favorite chore.
all along,,"내내, 줄곧, 계속",I knew the truth all along.
for oneself,,"(다른 사람 도움 없이) 스스로, 직접, 제힘으로",You need to see it for yourself to believe it.
all of a sudden,,갑자기,"All of a sudden, the lights went out and everyone screamed."
out there,,"어딘가, 세상 어딘가",There is someone out there who really understands you.
afford,/əˈfɔːrd/,"여유가 되다, 형편이 되다, 할 수 있다 <수동태로는 안 씀.>",We can't afford a new car this year.
terrific,/təˈrɪfɪk/,"아주 좋은, 멋진, 훌륭한, 굉장한",You did a terrific job on the presentation today.
should have,,~했어야 했다,I should have called you before coming over.
at all times,,"항상, 언제나",Keep your seatbelt fastened at all times during the flight.
in the end,,"마침내, 마지막에 가서는, 결국","In the end, everything worked out just fine."
be sure to ~,,반드시 ~하다 <주로 명령문으로 씀>,Be sure to lock the door before you leave.
into,/ˈɪntuː/,"~에 열중하여, ~에 관심을 가지고, ~에 빠져",My son is really into dinosaurs these days.
nothing but,,"오직, 단지~일 뿐인",He has given me nothing but trouble since Monday.
see ~ as ~,,"~을 ~로 간주하다, ~을 ~로 보다",Many people see her as a natural leader.
a bunch of,,(수나 양이) 많은,She bought a bunch of flowers for her mother.
have an impact,,"(~에) 영향을 끼치다, 영향을 주다",Your kind words really had an impact on me.
fall off,,"~에서 떨어지다, 낙하하다",Be careful not to fall off the ladder.
feel like,,~한 느낌이 있다,I feel like taking a long walk tonight.
fit in,,"(자연스럽게) (~와) 어울리다, 맞다",The new student quickly fit in with her classmates.
for sure,,"(의심할 여지없이) 확실히, 틀림없이",I will finish the report by Friday for sure.
get along,,사이좋게 지내다,The two brothers get along really well now.
pain,/peɪn/,(정신적) 고통,The pain of losing a friend never fully disappears.
prank,/præŋk/,(농담으로 하는) 장난,The kids played a harmless prank on their teacher.
in a way,,"어떤 면에서는, 어느 정도는","In a way, failing that test taught me a lot."
if it were not for,,"~이 없다면, ~이 아니라면 <현재 상황에 대한 가정>","If it were not for your help, I would have failed."
order ~ around,,~에게 이래라저래라하다,Stop trying to order me around all the time.
get to,,"(일, 주제 등을) ~을 다루다, ~에 이르다",We didn't get to the last topic during the meeting.
get to,,"~을 괴롭히다, 못살게 굴다",Don't let his rude comments get to you.
virtue,/ˈvɜːrtʃuː/,"미덕, 덕목",Patience is a virtue that few people truly master.
outbreak,/ˈaʊtbreɪk/,"(전쟁, 전염병 등의) 발생, 발발",The outbreak of the disease spread quickly through the town.
pick ~ up,,"~을 알게 되다, ~을 익히게 되다",I picked up some Spanish while living in Mexico.
stumble,/ˈstʌmbəl/,"발이 걸리다, 발을 헛디디다",She stumbled over a rock on the dark path.
stumble,/ˈstʌmbəl/,"잘못, 실수",One small stumble should not ruin your whole career.
other than ~,,~외에,I have no plans this weekend other than resting.
means,/miːnz/,"수단, 방법, 방도",We must find a better means of communication.
in life,,"생전에, 목숨이 있는 동안에, 이승에서",He accomplished so much in life before he passed.
in terms of ~,,"~ 면에서, ~에 관해서는","In terms of price, this option is the best."
honor,/ˈɑːnər/,"~에게 경의를 표하다, 예우하다, 기리다",The city built a statue to honor the fallen soldiers.
might,/maɪt/,"~할 수도 있다, ~일지도 모른다, ~이었을지도 모른다","It might rain later, so bring an umbrella."
within,/wɪˈðɪn/,"(범위, 한계) 내에, 안에",Please return the form within three business days.
sip,/sɪp/,(아주 적은 양의) 한 모금,She took a small sip of the hot coffee.
console,/kənˈsoʊl/,"위로하다, 위안을 주다",He tried to console his friend after the loss.
no-brainer,/ˌnoʊˈbreɪnər/,"쉬운 문제, 쉬운 결정",Choosing the cheaper flight was a total no-brainer.
torn,/tɔːrn/,"(~ 사이에서) 결정하지 못하고 있는, 고민하고 있는",I was torn between staying home and going out.
yet,/jet/,"(의문문에서) 이제, 지금쯤은",Has the mail arrived yet this morning?
should,/ʃʊd/,"~해야겠다, ~하면 좋겠다",I should get going before it gets too late.
bound,/baʊnd/,"(법, 의무상) 얽매인, ~해야 하는",The company is legally bound to honor the contract.
sue,/suː/,"고소하다, 소송을 제기하다",They threatened to sue the company for damages.
get in,,"합격하다, 입학하다, 입사하다",He finally got in to Harvard last spring.
pull up,,"(차량, 운전자가) 멈추다, 서다",A taxi pulled up right in front of the hotel.
temper,/ˈtempər/,"(쉽게 화를 내는) 성질, 성미",He has quite a temper when things go wrong.
lack,/læk/,"~이 없다, ~이 부족하다 <타동사>",The plan lacks the details we really need.
sufficient,/səˈfɪʃənt/,충분한,We have sufficient food to last the whole week.
suffice,/səˈfaɪs/,충분하다,A simple apology will suffice this time.
hold up,,"~을 올리다, ~을 들어 올리다",She held up the trophy for everyone to see.
popularity,/ˌpɑːpjəˈlærəti/,인기,The show's popularity grew rapidly over the years.
the other day,,"일전에, 며칠 전에",I ran into your sister the other day downtown.
earn,/ɜːrn/,"얻다, 받다, 획득하다",She worked hard to earn everyone's respect.
taste,/teɪst/,"(~에 대한) 취향, 기호",He has excellent taste in music and art.
prayer,/preər/,"기도 내용, 기도문, 기도 제목 <셀 수 있는 명사>",She whispered a quiet prayer before the exam.
grasshopper,/ˈɡræsˌhɑːpər/,메뚜기,A green grasshopper jumped across the garden path.
might want to,,~하는 게 더 좋다 <권유를 나타냄>,You might want to check the weather before leaving.
make-up,/ˈmeɪkʌp/,"화장품, 화장, 분장",She rarely wears make-up on the weekends.
unlike,/ʌnˈlaɪk/,~와는 달리,"Unlike her sister, she loves cold weather."
put ~ on,,"(얼굴, 피부 등에) ~을 바르다",Don't forget to put sunscreen on before the beach.
why would,,~가 뭐하러 ~하겠어? <주로 why would I ~ 형태로 쓰임>,Why would I lie to you about something so small?
massive,/ˈmæsɪv/,"엄청난, 대량의, 대규모의, 거대한",They built a massive stadium near the river.
out front,,(건물의) 입구 쪽에,The car is parked out front waiting for you.
messy,/ˈmesi/,"지저분한, 엉망인",His desk is always messy and covered in papers.
come by,,(누구를 보러) 잠깐 들르다,Feel free to come by my office anytime tomorrow.
no matter,,~와는 상관없이 <no matter + what/how/when/who 등과 함께 씀>,"No matter what happens, I will support you."
determination,/dɪˌtɜːrmɪˈneɪʃən/,결의,Her determination to succeed inspired the whole team.
festive,/ˈfestɪv/,"축제 분위기가 나는, 명절 기분의, 즐거운, 들뜬",The whole street had a festive atmosphere last night.
would say,,~인 것 같아 <소극적인 의사 표현 또는 권유를 나타냄>,I would say this is the best option we have.
adjust,/əˈdʒʌst/,"(약간) 조정하다, 조절하다",Please adjust the volume a little lower.
adjust,/əˈdʒʌst/,(~에) 적응하다,It took her months to adjust to the new city.
neighborhood,/ˈneɪbərˌhʊd/,"이웃, 인근, 근처",They just moved into a quiet neighborhood nearby.
mean ~ by ~,,"~을 ~라는 의미로 말하다, ~을 ~라는 뜻으로 말하다",What do you mean by that remark?
even if,,"설령 ~한다고 해도, 가령 ~이라 할지라도",I will go even if it rains all day.
stiff,/stɪf/,"(근육이) 걸리는, 뻐근한",My neck feels stiff after sleeping wrong.
what have you been up to,,어떻게 지냈어?,"Hey, what have you been up to lately?"
get lost,,길을 잃다,We got lost trying to find the old temple.
solely,/ˈsoʊlli/,"오직, 오로지, 단지, 단독으로, ~만",The decision rests solely on your shoulders.
appealing,/əˈpiːlɪŋ/,"매력적인, 흥미로운",The idea of a beach vacation sounds very appealing.
utterly,/ˈʌtərli/,"완전히, 순전히, 아주, 전혀",I was utterly exhausted after the long hike.
proposition,/ˌprɑːpəˈzɪʃən/,"(특히 사업상의) 제의, 제안",He made me an interesting business proposition.
proposition,/ˌprɑːpəˈzɪʃən/,"명제, 진술 <격식>",The proposition that all men are equal is powerful.
proposition,/ˌprɑːpəˈzɪʃən/,~에게 제안하다,She propositioned the investors with a bold plan.
rest on ~,,"~에 달려 있다, ~에 의지하다",The company's future rests on this single deal.
perceive,/pərˈsiːv/,"(~을 ~로) 여기다, 인식하다",Many perceive him as a strict but fair boss.
perceive,/pərˈsiːv/,"감지하다, 인지하다",Dogs can perceive sounds humans cannot hear.
skeptical,/ˈskeptɪkəl/,"의심 많은, 회의적인, 회의를 나타내는, 회의론자 같은, 신용하지 않는",She remained skeptical about his sudden change of heart.
salient,/ˈseɪliənt/,"가장 중요한, 핵심적인, 가장 두드러진, 현저한",Let me highlight the most salient points of the plan.
startle,/ˈstɑːrtəl/,깜짝 놀라게 하다,The loud noise startled the sleeping baby.
expound,/ɪkˈspaʊnd/,자세히 설명하다 <격식>,The professor began to expound his new theory.
unfazed,/ʌnˈfeɪzd/,"동요하지 않는, 당황하지 않은",She stayed completely unfazed by the criticism.
acquaintance,/əˈkweɪntəns/,"아는 사람, 지인","He is just an acquaintance, not a close friend."
Martian,/ˈmɑːrʃən/,화성인,The movie imagines a lonely Martian exploring the desert.
ritual,/ˈrɪtʃuəl/,"의례적인 일, 의식과 같은 일",Morning coffee is a daily ritual for many people.
tens of thousands,,수만(數萬),Tens of thousands of fans filled the stadium.
Europe,/ˈjʊrəp/,유럽 <영국에서는 영국을 제외한 유럽 대륙을 가리키는 의미로도 씀>,They spent the summer traveling across Europe.
lately,/ˈleɪtli/,"최근에, 얼마 전에",I haven't seen much of him lately.
grab,/ɡræb/,~을 간단히 먹다 <빠르고 간단하게 먹는다는 뜻>,Let's grab a quick lunch before the meeting.
grab,/ɡræb/,"붙잡다, 움켜쥐다, 움켜잡다",She grabbed the railing to keep from falling.
make fun of ~,,"~을 놀리다, 비웃다",Please don't make fun of his accent.
most of the time,,대개는,"Most of the time, he studies at the library."
tariff,/ˈtærɪf/,관세,The government raised the tariff on imported steel.
now,/naʊ/,이제 ~이니까,"Now that you're here, we can finally start."
on the fly,,"(사전 계획이나 깊은 고민 없이) 빨리, 즉석에서",We had to change the plan on the fly.
cut to the chase,,바로 본론으로 들어가다,Let's cut to the chase and discuss the budget.
stuck,/stʌk/,"움직일 수 없는, 꼼짝 못하는, 갇힌, 빠져나갈 수가 없는",The car got stuck in the thick mud.
debit card,/ˈdebɪt ˌkɑːrd/,"체크카드, 직불 카드 <대금 결제 시, 결제 금액이 카드 소유자의 계좌에서 즉시 인출되는 카드>",She paid for groceries with her debit card.
with,/wɪð/,"~ 한 채로, ~ 하면서, ~하게, ~ 있게",He walked in with his coat still on.
unstressed,/ʌnˈstrest/,(음절이) 강세가 없는 <음성학 용어>,The second syllable is unstressed in that word.
syllable,/ˈsɪləbəl/,음절,The word 'banana' has three syllables.
only to ~,,"(결국) ~하게 되다, ~하고 말다, ~할 뿐이다 <주로 예상 밖의 결과를 나타냄>","He rushed to the station, only to miss the train."
go through ~,,~을 겪다,She had to go through a lot of pain last year.
nuts,/nʌts/,"~에 미친, ~한테 푹 빠진, ~에 열광하여",My little sister is nuts about that pop band.
slam,/slæm/,쾅 닫다,He slammed the door in anger and left.
sob,/sɑːb/,흐느끼다 <자동사>,She began to sob quietly during the sad film.
commitment,/kəˈmɪtmənt/,"진지한 연애, 진지한 연애의 의지, 한 사람에게만 헌신함",He isn't ready for a serious commitment yet.
work out,,"(일이) 풀리다, 잘 풀리다","Don't worry, everything will work out in the end."
work out,,(몸 관리를 위해) 운동하다,I try to work out at the gym three times a week.
inappropriate,/ˌɪnəˈproʊpriət/,"부적절한, 부적합한",His joke was completely inappropriate for the occasion.
starve,/stɑːrv/,"굶주리다, 굶어 죽다","Without rain, the crops failed and people began to starve."
permit,/pərˈmɪt/,"가능하게 하다, 허락하다",The rules do not permit pets inside the building.
wish,/wɪʃ/,"~이면 좋겠는데, ~면 좋을텐데 <현실은 그렇지 못하거나 실현 가능성이 낮을 때 씀>",I wish I could speak French fluently.
get rid of ~,,"~을 없애다, ~을 처리하다",It's time to get rid of these old clothes.
should not have,,~하지 말았어야 했다 <결국은 그렇게 해서 후회된다는 뜻>,I should not have eaten so much cake.
ever,/ˈevər/,"언젠가, 앞으로, 한 번이라도",Have you ever visited Japan before?
have ~ in common,,"(~와) ~한 공통점이 있다, 공통으로 가지다",The two friends have a lot in common.
stubborn,/ˈstʌbərn/,"고집이 센, 완고한, 완강한",My grandfather is too stubborn to ask for help.
dine out,,(식당이나 누구의 집에서) 외식을 하다,We usually dine out on Friday evenings.
break in,,(건물에) 침입하다,Thieves tried to break in through the back window.
keep ~ from ~,,~가 ~하지 못하게 하다,The heavy rain kept us from going outside.
by all means,,"물론이죠, 당연히 그렇게 하셔도 돼요, 아무렴, 좋고말고","By all means, take a seat and make yourself comfortable."
suppose,/səˈpoʊz/,"추정하다, 추측하다, 생각하다",I suppose you're right about the whole situation.
imply,/ɪmˈplaɪ/,"암시하다, 넌지시 비치다",Are you trying to imply that I was wrong?
argue,/ˈɑːrɡjuː/,"(이유를 들어) 주장하다, 설득하다, 논증하다",She argued that the policy was unfair to workers.
ensure,/ɪnˈʃʊr/,"반드시 ~하게 하다, 보장하다",Please ensure the door is locked before leaving.
wear off,,"없어지다, 효과가 사라지다, 강도가 약해지다",The effect of the medicine will wear off soon.
painkiller,/ˈpeɪnˌkɪlər/,진통제,She took a painkiller to ease her headache.
artifact,/ˈɑːrtɪˌfækt/,"(자연물이 아닌) 인공물, 유물 <특히 과거 인류가 남긴 역사적 유물을 가리킴>",The museum displayed an ancient artifact from Egypt.
ever since,,~이후로 줄곧,We've been friends ever since we were children.
note,/noʊt/,"기색, 분위기, 어조",There was a note of sadness in her voice.
note,/noʊt/,음 <음악 용어>,She played a single high note on the piano.
though,/ðoʊ/,"그렇지만, 하지만 <주로 문장 끝에 씀>","It's cold outside. I don't mind, though."
though,/ðoʊ/,"하지만, 그래도 <though의 앞 또는 뒤에 comma를 써서 씀>","The plan, though, was far from perfect."
statue,/ˈstætʃuː/,조각상,A bronze statue stands in the center of the park.
legendary,/ˈledʒənˌderi/,"전설적인, 아주 유명한",He was a legendary guitarist admired by millions.
rethink,/ˌriːˈθɪŋk/,"다시 생각하다, 재고하다",The bad results made us rethink our strategy.
mess with ~,,"~을 건드리다, ~을 함부로 대하다, ~와 싸우다, ~와 한판 붙다",You really shouldn't mess with him when he's angry.
begone,/bɪˈɡɔːn/,"썩 꺼져, 썩 꺼져 라고 말하다 <고어>",'Begone!' the old wizard shouted at the intruder.
make it,,"가다, 참석하다","Sorry, I can't make it to the party tonight."
contagious,/kənˈteɪdʒəs/,"(질병이 접촉을 통해) 전염되는, 전염성의",The flu is highly contagious during the winter.
territory,/ˈterəˌtɔːri/,"(한 국가, 통치자가 다스리는) 지역, 영토",The tribe defended its territory for centuries.
limit,/ˈlɪmɪt/,"한계, 한계점, 한도, 한계치",There is a strict limit on how much you can borrow.
compare,/kəmˈper/,(~와) 비교하다,It's unfair to compare the two very different players.
bet,/bet/,"~라고 장담하다, 확실히 ~라고 보다, 확신하다 <어떤 일이 일어날 것을 확신할 때 씀>",I bet she will win the race easily.
grand,/ɡrænd/,"천 달러, 천 파운드",The used car cost him about five grand.
do right by ~,,~를 공정하게 대하다,A good leader always tries to do right by the team.
secure,/sɪˈkjʊr/,"(해, 영향을 입지 않고) 안전한",Keep your passwords secure from strangers.
at a time,,한 번에,Please enter the room one person at a time.
back,/bæk/,"과거로, 거슬러, 예전에",This tradition dates back many centuries.
protest,/prəˈtest/,"시위하다, 항의하다 <자동사>",Thousands gathered to protest against the new law.
sound,/saʊnd/,"~인 것 같다, ~하게 들리다",Your idea sounds great to me.
sound,/saʊnd/,"괜찮은, 잘 된, 잘 하는",The house was old but built on a sound foundation.
lefty,/ˈlefti/,"(정치적 성향이) 좌파, 좌익인 사람 <비격식적인 표현. 정치적 성향을 나타냄>",He's a proud lefty who supports higher taxes.
get off work,,(직장에서) 퇴근하다,I usually get off work around six in the evening.
way,/weɪ/,"아주 멀리, 큰 차이로, 훨씬 <전치사, 부사, 비교급 형용사와 함께 씀>",This movie is way better than the first one.
figure ~ out,,"~를 알아내다, ~을 생각해 내다, ~를 풀다",I couldn't figure the problem out on my own.
go on a trip,,여행을 떠나다,Let's go on a trip to the mountains this summer.
border,/ˈbɔːrdər/,"국경, 국경 지역",They crossed the border early in the morning.
end up,,결국 ~하게 되다 <동사의 현재 분사형과 함께 쓰임>,We ended up staying at home all weekend.
eloquent,/ˈeləkwənt/,"말을 잘 하는, 유창한, 달변의",She gave an eloquent speech that moved the audience.
fool,/fuːl/,"속이다, 기만하다",You can't fool me with that old trick.
settle in,,(새 집이나 직장 등에 자리를 잡고) 적응하다,It took a while to settle in at the new job.
sick,/sɪk/,"(~가) 지긋지긋한, 넌더리 나는, 신물나는",I'm sick of hearing the same excuses every day.
not much of a ~,,"대단한 ~이 아닌, 좋은 ~이 아닌","I'm not much of a cook, honestly."
you guys,,너희들,Are you guys coming to the game tonight?
hasty,/ˈheɪsti/,"(사람이) 성급한, 경솔한",Don't make a hasty decision you might regret.
come over,,(~에) 들르다,Why don't you come over for dinner tonight?
in a bit,,"잠시 후에, 좀 있다가","I'll call you back in a bit, okay?"
significance,/sɪɡˈnɪfɪkəns/,"의미, 특별한 의미",The discovery has great scientific significance.
insecure,/ˌɪnsɪˈkjʊr/,자신이 없는,He felt insecure about speaking in public.
that figures,,그럴 줄 알았다,"He forgot again? Well, that figures."
hung over,,숙취 상태에 있는,She was hung over after the wedding party.
go,/ɡoʊ/,"~하러 가다, ~을 떠나다, ~에 나서다",Let's go grab something to eat.
do the dishes,,설거지를 하다,It's your turn to do the dishes tonight.
have to,,"틀림없이 ~할 것이다, 틀림없이 ~일 것이다",You look pale; you have to be exhausted.
scam,/skæm/,신용 사기,That email was an obvious phishing scam.
gullible,/ˈɡʌləbəl/,"남을 잘 믿는, 잘 속아 넘어가는",He's so gullible that he believes every rumor.
pick up on ~,,~을 알아차리다,She quickly picked up on the awkward mood.
come up with ~,,"찾아내다, 내놓다, 생각해 내다",We need to come up with a better plan.
fertility,/fərˈtɪləti/,비옥함,The river's flooding improved the soil's fertility.
acne,/ˈækni/,여드름 <여드름이 많고 트러블이 있는 피부 상태를 뜻함>,Many teenagers struggle with acne during puberty.
foothold,/ˈfʊtˌhoʊld/,(등산 때) 발 디딜 곳,The climber searched for a foothold on the cliff.
sublime,/səˈblaɪm/,"장엄한, 숭고한",The view from the summit was absolutely sublime.
bowel movement,/ˈbaʊəl ˌmuːvmənt/,배변,The doctor asked about his daily bowel movement.
dweller,/ˈdwelər/,"(특히 합성어에서) ~거주자, ~에 사는 동물",A city dweller often misses the quiet countryside.
casually,/ˈkæʒuəli/,"가볍게, 무심하게, 별생각 없이, 별거 아니라는 듯이 <실제로는 그렇지 않을 때도 씀>","He mentioned the news casually, as if it were nothing."
constipation,/ˌkɑːnstɪˈpeɪʃən/,변비,Drinking more water can help relieve constipation.
deference,/ˈdefərəns/,"존중, 경의, 경의를 표하는 행동",He bowed in deference to the elderly master.
arsonist,/ˈɑːrsənɪst/,방화범,The arsonist set fire to three abandoned buildings downtown.
for some reason,,"무슨 이유로, 어떤 까닭인지","For some reason, she never answered any of my calls."
pre-eminent,/priˈɛmɪnənt/,"출중한, 발군의 <격식 있는 표현>",He is the pre-eminent scholar in the field of genetics.
carb,/kɑːrb/,"탄수화물, 탄수화물 식품",She avoids bread and pasta because they are high in carbs.
marginal,/ˈmɑːrdʒɪnəl/,"주변부의, 주변적인 <사회의 주류나 중심에 속해있지 않다는 뜻>",The policy only helped a marginal group of low-income families.
plagiarism,/ˈpleɪdʒərɪzəm/,표절,The student was expelled after being caught for plagiarism.
tense,/tɛns/,"(사람이) 긴장한, 신경이 날카로운",She felt tense before her important job interview yesterday.
baffle,/ˈbæfəl/,"당황스럽게 만들다, 전혀 이해하지 못하게 만들다",The strange results continued to baffle the whole research team.
reticent,/ˈrɛtɪsənt/,"말을 잘 안 하는, 말이 없는",He was reticent about discussing his private family matters.
reversible,/rɪˈvɜːrsəbəl/,(변했던 것을 원상태로) 되돌릴 수 있는,The early damage to the ecosystem is still reversible.
tempest,/ˈtɛmpɪst/,"폭풍우, 거센 비바람 <문어체>",The small ship was tossed violently by the raging tempest.
opiate,/ˈoʊpiət/,"아편제, 아편이 든 약",Doctors prescribed an opiate to ease his severe pain.
common denominator,/ˌkɑːmən dɪˈnɑːmɪneɪtər/,"(집단 구성원들의) 공통점, 공통분모",Ambition was the common denominator among all the successful founders.
deprive,/dɪˈpraɪv/,(사람에게서 물건을) 빼앗다,The war deprived thousands of children of their homes.
suit yourself,,"좋을 대로 해라, 하고 싶은 대로 해라 <보통 부정적인 어감>","If you don't want to come, then suit yourself."
go on to ~,,곧이어 ~을 하다,"After college, she went on to start her own company."
absurd,/əbˈsɜːrd/,"터무니없는, 어처구니없는",It is absurd to blame him for the sudden storm.
have ~ to oneself,,"~을 독점하다, 마음대로 하다","With everyone gone, I had the whole house to myself."
stink,/stɪŋk/,"악취가 풍기다, 냄새가 나다",The garbage left outside began to stink in the summer heat.
valor,/ˈvælər/,"(특히 전쟁터에서의) 용기, 용맹함 <문학적 표현>",The soldier received a medal for his valor in battle.
censorship,/ˈsɛnsərʃɪp/,검열,Many journalists protested against the government's strict censorship.
coagulate,/koʊˈæɡjuleɪt/,(액체가) 응고하다,The blood will coagulate quickly to seal the wound.
ponder,/ˈpɑːndər/,"숙고하다, 곰곰이 생각하다 <격식>",She sat by the window to ponder her next big decision.
haul,/hɔːl/,"획득한 것, 산 것, 벌어들인 것, 받은 것",The thieves escaped with a huge haul of jewelry.
pliable,/ˈplaɪəbəl/,"(사람이) 영향받기 쉬운, 순응적인",Young children are pliable and easily shaped by their surroundings.
entourage,/ˈɑːntʊrɑːʒ/,"(중요 인물의) 수행단, 수행원들",The pop star arrived with a large entourage of assistants.
irritant,/ˈɪrɪtənt/,(피부를 따갑게 하거나 하는) 자극물 <전문 용어>,This cheap soap acts as an irritant to sensitive skin.
mackerel,/ˈmækərəl/,고등어,We grilled fresh mackerel for dinner by the seaside.
punctilious,/pʌŋkˈtɪliəs/,"꼼꼼한, 세심한",He is punctilious about following every rule in the manual.
juror,/ˈdʒʊrər/,(한 사람의) 배심원,Each juror listened carefully to the lawyer's closing argument.
sway,/sweɪ/,(전후좌우로 천천히) 흔들리다,The tall trees began to sway gently in the evening breeze.
sway,/sweɪ/,"(마음을) 흔들다, 동요시키다",His passionate speech managed to sway the undecided voters.
outrageous,/aʊtˈreɪdʒəs/,"너무나 충격적인, 터무니없는",The store charged an outrageous price for a simple coffee.
as a whole,,"전체적으로, 전체로서",The team performed well as a whole this season.
benign,/bɪˈnaɪn/,"(종양, 질병 등이) 양성의 <의학 용어>",The doctor confirmed that the tumor was completely benign.
on one's toes,,"긴장을 늦추지 않는, 경계하는, 주의하는",The surprise quizzes keep the students on their toes.
aggregate,/ˈæɡrɪɡət/,"집합, 집합체",The final score is an aggregate of both matches.
exert oneself,,"있는 힘껏 노력하다, 있는 힘을 다하다",You must exert yourself if you want to win this race.
cloud,/klaʊd/,"(기억력, 판단력 등을) 흐리다",Anger can cloud your judgment during important negotiations.
reunification,/ˌriːjuːnɪfɪˈkeɪʃən/,"재통일, 재통합",Many families still hope for the reunification of the country.
squabble,/ˈskwɑːbəl/,"시시한 언쟁, 입씨름",The children had a silly squabble over the last cookie.
outcast,/ˈaʊtkæst/,"버림받은 사람, 따돌림받는 사람","After the scandal, he felt like a social outcast."
burp,/bɜːrp/,트림,The baby let out a loud burp after her bottle.
vague,/veɪɡ/,"모호한, 애매한, 막연한",His answer was too vague to be truly helpful.
vague,/veɪɡ/,"흐릿한, 희미한",I only have a vague memory of that childhood trip.
abate,/əˈbeɪt/,"(강도가) 약해지다, 누그러지다, 잦아들다",The storm finally began to abate near midnight.
delinquent,/dɪˈlɪŋkwənt/,"(돈이) 연체된, 체납된 <금융 용어>",The bank sent a warning about his delinquent loan payments.
lurch,/lɜːrtʃ/,"(갑자기) 휘청하다, 휘청거리다",The bus made the passengers lurch forward when it stopped.
yank,/jæŋk/,확 잡아당기다,She had to yank the door hard to open it.
anthropological,/ˌænθrəpəˈlɑːdʒɪkəl/,"인류학의, 인류학상의",The museum displayed rare anthropological artifacts from ancient tribes.
felicity,/fəˈlɪsɪti/,"아주 큰 행복, 강렬한 행복",The newlyweds enjoyed a summer of pure felicity together.
count on ~,,"~을 기대하다, 예상하다",You can always count on her to keep a secret.
reconcile,/ˈrɛkənsaɪl/,(~을) 받아들이다,He struggled to reconcile himself to the sudden loss.
courtesy,/ˈkɜːrtəsi/,"예의바름, 공손함, 정중함",She always treats her elders with great courtesy.
hallway,/ˈhɔːlweɪ/,복도 <주로 미국에서 쓰는 표현>,They hung old family photos along the narrow hallway.
third degree,/ˌθɜːrd dɪˈɡriː/,"엄한 심문, 고문 <자백을 받기 위해 신체적, 정신적 고통을 가하는 것>",The detectives gave the suspect the third degree all night.
bottle ~ up,,"(감정을 드러내지 않고) 억누르다, 묻어 두다",Don't bottle up your anger; talk about your feelings.
long-standing,/ˌlɔːŋˈstændɪŋ/,"오랜, 오래된, 오래 지속된",They finally resolved their long-standing dispute over the land.
infertile,/ɪnˈfɜːrtəl/,"(사람, 동물, 식물이) 불임의, 생식력이 없는",The couple learned that one of them was infertile.
how much have ~ had to drink,,"얼마나 마신거야?, 얼마나 마셨길래 그래?","You can barely stand, so how much have you had to drink?"
ride,/raɪd/,"~에게 잔소리하다, ~을 괴롭히다 <미국 속어>",The coach kept riding the rookie about his lazy footwork.
chalk ~ up to ~,,~을 ~ 때문으로 여기다,We chalked the mistake up to his lack of experience.
nectar,/ˈnɛktər/,"꽃꿀, 화밀 <꽃의 꿀샘에서 분비하는 꿀>",Bees gather nectar from flowers to make sweet honey.
give ~ a hand,,도와주다,Could you give me a hand with these heavy boxes?
mind-boggling,/ˈmaɪndˌbɑːɡlɪŋ/,"대단히 놀라운, 믿기 어려운, 상상을 초월하는",The sheer size of the universe is truly mind-boggling.
snob,/snɑːb/,속물 <사회적 지위가 인간의 가치에 영향을 미친다고 생각하는 사람>,He is such a snob that he ignores ordinary people.
offensive,/əˈfɛnsɪv/,"모욕적인, 불쾌한",His rude joke was deeply offensive to the whole audience.
downright,/ˈdaʊnraɪt/,"완전히, 순전히, 노골적으로",His comment was downright rude and completely uncalled for.
immerse,/ɪˈmɜːrs/,몰두하게 만들다,She likes to immerse herself in a good mystery novel.
wait on ~,,(특히 식사) 시중을 들다,The young waiter had to wait on twelve tables tonight.
sorcery,/ˈsɔːrsəri/,마법 <특히 흑마술>,The villagers accused the old woman of practicing sorcery.
back down,,"주장을 굽히다, 패배를 인정하다",He refused to back down during the heated argument.
unruly,/ʌnˈruːli/,"다루기 힘든, 제멋대로 구는, 통제하기 어려운",The teacher struggled to control the unruly class.
on a whim,,"충동적으로, 즉흥적으로","On a whim, we booked a last-minute flight to Rome."
ingenuous,/ɪnˈdʒɛnjuəs/,"순진한, 사람을 잘 믿는",Her ingenuous smile made everyone trust her instantly.
tantrum,/ˈtæntrəm/,"(주로 어린아이의) 짜증, 성질을 부림",The toddler threw a tantrum in the middle of the store.
prone,/proʊn/,"~하기 쉬운, ~의 경향이 있는",He is prone to catching colds during the winter.
scold,/skoʊld/,"(특히 아이를) 야단치다, 꾸짖다",His mother will scold him for breaking the window.
lie around,,(사람이) 빈둥거리다,He tends to lie around all weekend watching television.
manure,/məˈnʊr/,"(동물의 배설물로 만든) 거름, 천연 비료",The farmer spread manure across the field before planting.
poultry,/ˈpoʊltri/,가금류의 고기,The recipe calls for poultry rather than red meat.
diploma,/dɪˈploʊmə/,졸업장,She proudly framed her high school diploma on the wall.
start off,,(~로) 시작하다,Let's start off the meeting with a quick introduction.
Confucianism,/kənˈfjuːʃənɪzəm/,유교,Confucianism deeply influenced traditional values across East Asia.
know ~ like the palm of one's hand,,"~을 잘 알다, ~을 속속들이 알다",He knows this city like the palm of his hand.
intensify,/ɪnˈtɛnsɪfaɪ/,"(정도, 강도가) 심해지다, 격렬해지다",The fighting began to intensify as night fell.
willpower,/ˈwɪlpaʊər/,의지력,It takes great willpower to quit smoking for good.
maternal,/məˈtɜːrnəl/,"모계의, 외가 쪽의",My maternal grandmother taught me how to bake bread.
lash out,,"(~을) 비난하다, 마구 몰아세우다",He tends to lash out at others when he feels stressed.
dreary,/ˈdrɪri/,"음울한, 따분한",The rain made the whole town look dreary and gray.
apocalyptic,/əˌpɑːkəˈlɪptɪk/,종말론적,The film painted an apocalyptic vision of the distant future.
congenital,/kənˈdʒɛnɪtəl/,(비유적으로) 타고난,He seems to have a congenital talent for telling lies.
pittance,/ˈpɪtəns/,"아주 적은 돈, 얼마 안 되는 돈",They paid him a mere pittance for months of hard work.
averse,/əˈvɜːrs/,"(~을) 싫어하는, 반대하는 <격식 있는 표현>",She is averse to taking any unnecessary financial risks.
slight,/slaɪt/,(사람을) 무시하다 <주로 수동태로 씀>,He felt slighted when they forgot to invite him.
meager,/ˈmiːɡər/,"(양, 질이) 빈약한, 변변찮은",They survived on a meager diet of rice and beans.
tribute,/ˈtrɪbjuːt/,"존경의 표시, 헌정, 헌사 <존경이나 찬양의 뜻으로 바치는 것>",The concert was a heartfelt tribute to the late singer.
constituency,/kənˈstɪtʃuənsi/,"(특정 지역의) 선거구민, 유권자들",The senator visited her constituency to hear their concerns.
inept,/ɪˈnɛpt/,"솜씨 없는, 서투른",The inept manager kept losing important documents.
chastise,/tʃæˈstaɪz/,"~에게 체벌을 가하다, 태형을 가하다 <구식 표현>","In old times, teachers would chastise disobedient pupils harshly."
misperception,/ˌmɪspərˈsɛpʃən/,"오인, 오해",There is a common misperception that bats are blind.
exhilarate,/ɪɡˈzɪləreɪt/,"아주 기쁘게 만들다, 신나게 만들다",The fast roller coaster ride never fails to exhilarate me.
rambling,/ˈræmblɪŋ/,"횡설수설, 횡설수설하는 말, 횡설수설하는 글",His long rambling made it hard to follow the point.
rite,/raɪt/,"(특히 종교상의) 의식, 의례",The ancient rite was performed at sunrise every spring.
baptism,/ˈbæptɪzəm/,"세례, 세례식",The baby's baptism took place at the small village church.
metabolism,/məˈtæbəlɪzəm/,"(생물의) 신진대사, 대사",Regular exercise can help boost your metabolism significantly.
trajectory,/trəˈdʒɛktəri/,"탄도, 궤적, 궤도",Scientists calculated the exact trajectory of the rocket.
measured,/ˈmɛʒərd/,"신중한, 침착한","She gave a calm, measured response to the harsh criticism."
groin,/ɡrɔɪn/,"사타구니, 서혜부",The athlete pulled a muscle in his groin during training.
assortment,/əˈsɔːrtmənt/,"모음, 모듬, 모둠, 종합 <조금씩 다르지만 비슷한 사물이나 물건의 모음>",The box contained a colorful assortment of chocolates.
termite,/ˈtɜːrmaɪt/,흰개미,A termite colony had quietly destroyed the wooden beams.
exterminator,/ɪkˈstɜːrmɪneɪtər/,박멸업자 <해충이나 유해 동물을 없애 주는 일을 하는 사람>,We called an exterminator to deal with the rat problem.
epidemic,/ˌɛpɪˈdɛmɪk/,(흔히 나쁜 것의) 급속한 확산,The city is facing an epidemic of online fraud.
card-carrying,/ˈkɑːrdˌkæriɪŋ/,(정당이나 조직의) 정식의,He is a card-carrying member of the local union.
extraterrestrial,/ˌɛkstrətəˈrɛstriəl/,"외계의, 지구 밖의",The scientists searched for signs of extraterrestrial life.
misfit,/ˈmɪsfɪt/,부적응자,He always felt like a misfit at the fancy parties.
outlook,/ˈaʊtlʊk/,"관점, 세계관, 인생관",Travel gave her a much broader outlook on life.
detention,/dɪˈtɛnʃən/,"(유치장, 교도소 등에서의) 구류, 구금",The protesters were held in detention for several hours.
indefinite,/ɪnˈdɛfɪnɪt/,무기한의,The project was postponed for an indefinite period.
tightrope,/ˈtaɪtroʊp/,(서커스 같은 데서 곡예사가 타는) 줄,The acrobat walked across the tightrope without any net.
outsmart,/aʊtˈsmɑːrt/,~보다 한 수 앞서다,The clever fox managed to outsmart the hunters again.
knob,/nɑːb/,(텔레비전 등의 기계에 달린 동그란) 손잡이,He turned the knob to lower the volume on the radio.
freewheeling,/ˈfriːˈwiːlɪŋ/,자유분방한,They enjoyed a freewheeling road trip across the country.
commentary,/ˈkɑːmənteri/,"예, 사례, 예증하는 것, 설명하는 것",The empty seats were a sad commentary on the team's decline.
sanity,/ˈsænɪti/,"온전한 정신 상태, 제정신",A quiet walk each morning helps me keep my sanity.
installment plan,/ɪnˈstɔːlmənt plæn/,"할부제, 할부 판매",They bought the new sofa on an installment plan.
skeptic,/ˈskɛptɪk/,회의론자,"As a skeptic, he questioned every claim the salesman made."
run errand,,심부름 하다,I have to run an errand for my mother this afternoon.
ransack,/ˈrænsæk/,"~을 난장판을 만들어 놓다, 샅샅이 뒤지다 <주로 뭔가를 찾기 위해>",Burglars ransacked the house looking for hidden cash.
correspondent,/ˌkɔːrɪˈspɑːndənt/,"(특정 지역에 파견된) 특파원, 통신원",The war correspondent reported live from the besieged city.
effervescent,/ˌɛfərˈvɛsənt/,"(액체가) 거품이 나는, 탄산이 든",She poured a glass of effervescent mineral water.
prerogative,/prɪˈrɑːɡətɪv/,"특권, 특혜",Making the final decision is the manager's prerogative.
erect,/ɪˈrɛkt/,"(건물, 장벽, 동상 등을) 세우다",The city plans to erect a statue in the main square.
hemorrhage,/ˈhɛmərɪdʒ/,"(심한) 출혈을 일으키다, 출혈이 되다",The patient began to hemorrhage badly after the accident.
at one's fingertips,,즉시 이용할 수 있는,"With the app, all the information is at your fingertips."
lag,/læɡ/,"뒤처지다, 뒤떨어지다",Our sales still lag behind those of our competitors.
posterity,/pɑːˈstɛrɪti/,"후세, 후대",These documents must be preserved for posterity.
brazen,/ˈbreɪzən/,뻔뻔한 <부정적인 어감>,She told a brazen lie right to the teacher's face.
screwed-up,/ˈskruːdˈʌp/,"맛이 간 <불안, 혼란 또는 정신적인 문제가 있음을 뜻함>",He had a screwed-up childhood full of chaos and neglect.
stretch,/strɛtʃ/,"구간, 지역",This stretch of the highway is often closed for repairs.
outgoing,/ˈaʊtɡoʊɪŋ/,"외향적인, 사교적인",Her outgoing personality makes it easy to find new friends.
loquacious,/loʊˈkweɪʃəs/,"수다스러운, 말이 많은",The loquacious guide talked nonstop throughout the entire tour.
warp,/wɔːrp/,"휘게 만들다, 뒤틀리게 만들다",Too much moisture can warp the wooden floorboards.
beseech,/bɪˈsiːtʃ/,"간청하다, 애원하다 <문어체>",She fell to her knees to beseech him for mercy.
cheap shot,/ˌtʃiːp ˈʃɑːt/,"비열한 짓, 치사한 짓",Mocking his accent was a real cheap shot.
goober,/ˈɡuːbər/,기인,Everyone thought the eccentric inventor was a harmless goober.
hermit,/ˈhɜːrmɪt/,(보통 종교적 이유에 의한) 은둔자,The old hermit lived alone deep in the mountains.
ludicrous,/ˈluːdɪkrəs/,터무니없는,His excuse for being late was absolutely ludicrous.
tact,/tækt/,기지,She handled the awkward situation with great tact.
withdrawn,/wɪðˈdrɔːn/,"내성적인, 내향적인",He became quiet and withdrawn after losing his job.
crucify,/ˈkruːsɪfaɪ/,"심하게 질책하다, 호되게 처벌하다",The press will crucify him for such a careless remark.
reinstate,/ˌriːɪnˈsteɪt/,"복귀시키다, 복직시키다",The company agreed to reinstate the wrongly fired worker.
anesthesia,/ˌænɪsˈθiːʒə/,"마취, 마취 상태 <의학 용어>",The surgeon waited until the anesthesia had fully taken effect.
biopsy,/ˈbaɪɑːpsi/,"생검(生檢), 조직 검사",The doctor ordered a biopsy to check for cancer.
dissociate,/dɪˈsoʊʃieɪt/,~을 (~와) 분리해서 생각하다,It is hard to dissociate the artist from his troubled life.
dissociate,/dɪˈsoʊʃieɪt/,~와 관련 없음을 분명히 하다,The company tried to dissociate itself from the scandal.
claw one's way,,끈질기게 노력해서 해내다,She clawed her way to the top of the company.
spook,/spuːk/,"(사람, 동물을) 겁먹게 하다 <주로 수동태로 씀>",The sudden loud noise spooked the nervous horse.
insipid,/ɪnˈsɪpɪd/,"재미없는, 따분한, 지루한",The movie was so insipid that I fell asleep.
condiment,/ˈkɑːndɪmənt/,"양념, 소스, 컨디먼트 <조리된 음식에 기호에 따라 추가하는 양념>",Ketchup is the most popular condiment at the diner.
mucous,/ˈmjuːkəs/,"점액을 분비하는, 점액을 함유한, 점액질의",The mucous lining of the nose traps dust and germs.
bash,/bæʃ/,"~을 후려치다, 강타하다, 세게 치다 <타동사>",He accidentally bashed his knee against the table.
make amends,,(~에 대해) 보상하다,He sent flowers to make amends for his rude behavior.
invigorate,/ɪnˈvɪɡəreɪt/,"기운 나게 하다, 활기를 북돋우다",A cold morning swim always invigorates my whole body.
bear,/bɛr/,"~을 가지고 가다, 가지고 오다 <구식 표현>",The messengers came to bear gifts for the young king.
tidings,/ˈtaɪdɪŋz/,"소식, 뉴스 <구식 표현>",The traveler brought glad tidings from the distant land.
prize,/praɪz/,"소중하게 여기다, 귀하게 여기다 <주로 수동태로 씀>",This old watch is prized as a family heirloom.
at large,,"잡히지 않은, 활개 치고 다니는",The escaped prisoner is still at large tonight.
dissent,/dɪˈsɛnt/,(~에 대해) 반대하다,Two judges chose to dissent from the majority ruling.
promenade,/ˌprɑːməˈnɑːd/,(보통 해변가로 넓게 나 있는) 산책로,They took an evening stroll along the seaside promenade.
cartilage,/ˈkɑːrtɪlɪdʒ/,"연골, 물렁뼈",The runner tore the cartilage in his right knee.
grim,/ɡrɪm/,"(장소, 건물 등이) 음침한, 암울한, 음산한",The abandoned factory looked grim under the gray sky.
loot,/luːt/,"전리품, 노획물",The soldiers divided the loot after the battle.
convulsion,/kənˈvʌlʃən/,"경련, 경기",The high fever caused the child to have a convulsion.
shrill,/ʃrɪl/,"(목소리 등의 소리가) 새된, 날카로운",A shrill whistle pierced the quiet morning air.
plummet,/ˈplʌmɪt/,"폭락하다, 급락하다, 급격히 떨어지다",Stock prices began to plummet after the bad news.
plummet,/ˈplʌmɪt/,"급락, 곤두박질침",The sudden plummet in temperatures caught everyone off guard.
sparingly,/ˈspɛrɪŋli/,"아껴서, 조금씩",Use this expensive spice sparingly in your cooking.
perishable,/ˈpɛrɪʃəbəl/,"(특히 식품이) 잘 상하는, 잘 썩는",Store perishable food in the refrigerator right away.
enunciate,/ɪˈnʌnsieɪt/,"또렷이 발음하다, 명확하게 말하다",The teacher told him to enunciate each word clearly.
opportune,/ˌɑːpərˈtuːn/,"(일, 동작, 발언 등이) 시의적절한",She arrived at the most opportune moment to help us.
insincere,/ˌɪnsɪnˈsɪr/,진실되지 못한 <못마땅함>,His apology felt hollow and completely insincere.
stigmatize,/ˈstɪɡmətaɪz/,"오명을 씌우다, 낙인 찍다",Society should not stigmatize people with mental illness.
tax evasion,/ˌtæks ɪˈveɪʒən/,탈세,The businessman was arrested for large-scale tax evasion.
prosecution,/ˌprɑːsɪˈkjuːʃən/,"기소, 공소 제기, 소추",The evidence was strong enough to justify prosecution.
sitting,/ˈsɪtɪŋ/,현직의,The sitting president will run for a second term.
divert,/daɪˈvɜːrt/,"(관심, 생각 등을 다른 데로) 돌리다, 전환하다",He told a joke to divert attention from his mistake.
utilitarian,/juːˌtɪlɪˈtɛriən/,실용적인 <격식>,"The office had a plain, utilitarian design with no decoration."
without a nickel to one's name,,"땡전 한 푼 없는, 땡전 한 푼 없이",He arrived in the big city without a nickel to his name.
come down,,(찬반을) 표명하다,The senator finally came down in favor of the new law.
authenticate,/ɔːˈθɛntɪkeɪt/,~을 증명하다,Experts were called in to authenticate the old painting.
outlive,/aʊtˈlɪv/,(사람이) ~보다 더 오래 살다,She outlived her husband by nearly twenty years.
capitalize on ~,,"~을 활용하다, ~을 기회로 삼다",The company capitalized on the growing demand for electric cars.
attire,/əˈtaɪər/,"의복, 복장 <격식>",Guests were asked to wear formal attire to the gala.
redo,/riːˈduː/,"장식을 다시 하다, 다시 꾸미다",They decided to redo the living room in brighter colors.
pavement,/ˈpeɪvmənt/,"인도, 보도 <영국식 표현. 미국영어의 sidewalk과 같은 뜻>",She slipped on the icy pavement outside the shop.
meddle,/ˈmɛdəl/,"(~에) 손을 대다, (~을) 건드리다 <특히 남의 것을 허락 없이>",Please don't meddle in other people's private affairs.
embroider,/ɪmˈbrɔɪdər/,수를 놓다,She likes to embroider flowers on old cotton shirts.
fetus,/ˈfiːtəs/,태아 <임신 8주를 지난 태아를 가리킴>,The ultrasound showed the fetus developing normally.
womb,/wuːm/,자궁,The baby grew safely inside its mother's womb.
sedentary,/ˈsɛdənˌtɛri/,"(일, 활동 등이) 주로 앉아서 하는",Working a sedentary job can lead to various health problems over time.
unanimously,/juˈnænəməsli/,만장일치로,The committee voted unanimously to approve the new budget proposal.
endorsement,/ɪnˈdɔrsmənt/,"홍보, 보증",The athlete earned a lucrative endorsement deal with a sportswear brand.
cozy up to ~,,"~에게 친하게 굴다, ~의 환심을 사려고 하다",She tried to cozy up to the manager hoping for a promotion.
binoculars,/bɪˈnɑkjələrz/,쌍안경,He used binoculars to watch the birds nesting across the valley.
raft,/ræft/,뗏목,They built a small raft to cross the river safely.
meander,/miˈændər/,"구불구불하게 나 있다, 굽이치다, 굽이쳐 흐르다",The lazy stream tends to meander through the green meadow.
falsify,/ˈfɔlsəˌfaɪ/,"~이 잘못임을 입증하다, 반증을 들다",The scientist refused to falsify the data to fit his theory.
condescend,/ˌkɑndɪˈsɛnd/,"(~에게) 거들먹거리다, 잘난 체하다",He would never condescend to explain his reasoning to us.
outrageously,/aʊtˈreɪdʒəsli/,"난폭하게, 극악하게, 터무니없게",The restaurant charged outrageously high prices for very small portions.
stargaze,/ˈstɑrˌgeɪz/,"별을 바라보다, 별을 관찰하다",We drove out to the countryside to stargaze far from city lights.
fission,/ˈfɪʃən/,핵분열 <물리학 용어>,Nuclear fission releases an enormous amount of energy in power plants.
bluntly,/ˈblʌntli/,직설적으로,She told him bluntly that his plan would never work.
contrite,/kənˈtraɪt/,"깊이 뉘우치는, 회한에 찬 <격식 있는 표현>",He looked genuinely contrite after realizing he had hurt her feelings.
hay,/heɪ/,건초,The farmer stacked the dried hay in the barn before winter.
hatred,/ˈheɪtrɪd/,"증오, 혐오, 혐오감",His speech was filled with hatred toward his political rivals.
rave,/reɪv/,극찬하는 평가,The new film received a rave review from every major critic.
peripheral,/pəˈrɪfərəl/,"외곽의, 주변부의",Parking is available in the peripheral areas around the stadium.
keen,/kin/,"~을 아주 좋아하는, ~에 대단히 관심이 많은",She is very keen on learning how to play the violin.
keen,/kin/,"강한, 깊은 <주로 명사 앞에 씀>",He has a keen interest in ancient Roman history.
care for ~,,"(사물이나 상황을) ~을 좋아하다, ~을 즐기다 <주로 부정문에 씀>",I don't really care for spicy food late at night.
assimilate,/əˈsɪməˌleɪt/,동화되다,Immigrants often take years to assimilate into a new culture.
render,/ˈrɛndər/,"(다른 언어로) 옮기다, 번역하다",The translator worked hard to render the poem into English.
uplifting,/ʌpˈlɪftɪŋ/,"희망을 주는, 행복감을 주는",The choir sang an uplifting song that lifted everyone's spirits.
satire,/ˈsæˌtaɪər/,풍자,The novel is a sharp satire of modern political life.
appalling,/əˈpɔlɪŋ/,"형편없는, 품질이 매우 나쁜",The service at the hotel was absolutely appalling last night.
incurable,/ɪnˈkjʊrəbəl/,"치유할 수 없는, 불치의",Doctors told him the rare disease was sadly incurable.
titular,/ˈtɪtʃələr/,"명목상의, 명의뿐인, 이름뿐인",The queen remained only the titular head of the government.
impeachment,/ɪmˈpitʃmənt/,탄핵,The president faced impeachment for abusing his official powers.
reincarnate,/ˌriɪnˈkɑrˌneɪt/,환생하다,Some believe the soul will reincarnate into a new body.
in litigation,,"소송 중인, 소송 중에",The disputed property has been in litigation for several years.
with a vengeance,,"맹렬히, 심하게, 지나치게","After the break, she returned to work with a vengeance."
agility,/əˈdʒɪləti/,"민첩, 명민함",The gymnast moved with remarkable agility across the balance beam.
propensity,/prəˈpɛnsəti/,"(특정한 행동을 하는) 경향, 성향 <격식>",He has a propensity for spending money on unnecessary gadgets.
outright,/ˈaʊtˌraɪt/,"즉석에서, 즉각",The board rejected the proposal outright without any discussion.
exquisitely,/ɪkˈskwɪzɪtli/,"아주 아름답게, 절묘하게, 정교하게, 우아하게",The wedding cake was exquisitely decorated with delicate sugar flowers.
brisk,/brɪsk/,"(사람, 태도 등이) 활발한, 활기찬",She set off at a brisk pace to catch the morning train.
affiliate,/əˈfɪliət/,"관계 단체, 지부, 지점, 분회",The local TV station is an affiliate of a national network.
allot,/əˈlɑt/,"(시간, 돈, 업무 등을) 할당하다, 배당하다",The teacher will allot ten minutes for each student's presentation.
shingle,/ˈʃɪŋgəl/,조약돌,We walked along the shingle beach collecting smooth stones.
fragmentation,/ˌfrægmənˈteɪʃən/,"분열, 파쇄(破碎)",The fragmentation of the party weakened its chances in the election.
holdout,/ˈhoʊldˌaʊt/,"타협을 거부하는 사람, 협조를 거부하는 사람",He was the last holdout who refused to sign the agreement.
speak of the devil,,호랑이도 제 말하면 온다,"Well, speak of the devil, here he comes right now."
salvation,/sælˈveɪʃən/,"구제자, 구제 수단, 구제해 주는 것 <one's salvation의 형태로 씀>",Volunteering became his salvation during a difficult period of life.
pervasive,/pərˈveɪsɪv/,"만연하는, 만연한, 구석구석 스며드는",A pervasive sense of fear spread throughout the small town.
jest,/dʒɛst/,농담하다,Surely you jest about quitting such a wonderful job.
jammies,/ˈdʒæmiz/,"잠옷, 파자마 <유아어>",The kids put on their cozy jammies before bedtime.
regimen,/ˈrɛdʒəmən/,"양생법, 섭생, 요법 <건강 회복이나 증진을 위한 정해진 치료법이나 식이요법>",The doctor recommended a strict diet and exercise regimen.
ramification,/ˌræməfəˈkeɪʃən/,"영향, 파급 효과, 파문, 파장 <어떤 행동이나 결정에 따라 생기는 결과>",The new law had serious ramifications for small business owners.
unequivocal,/ˌʌnɪˈkwɪvəkəl/,"명백한, 분명한 <격식>","She gave an unequivocal answer, leaving no room for doubt."
delve into,,(더 많은 것을 알아내기 위해) ~을 파헤치다,The researchers decided to delve into the ancient manuscripts.
realm,/rɛlm/,왕국 <격식>,The knights swore to protect the realm from all invaders.
susceptible,/səˈsɛptəbəl/,"(질병, 부상 등에) (~에) 걸리기 쉬운",Young children are especially susceptible to colds during winter.
unsolicited,/ˌʌnsəˈlɪsɪtɪd/,청하지 않은,He kept giving unsolicited advice that nobody had asked for.
coddle,/ˈkɑdəl/,"애지중지하다, 오냐오냐해 주다",Some parents coddle their children and never let them fail.
kink,/kɪŋk/,"(제도, 계획, 기계 등의) 결함, 결점",Engineers found a small kink in the new software system.
fledgling,/ˈflɛdʒlɪŋ/,"신생, 신출내기, 초보자 <새로 생겨났거나 경험이 없는 사람이나 조직>",The fledgling company struggled to survive its first difficult year.
bellow,/ˈbɛloʊ/,"큰 소리로 말하다, 고함쳐 말하다",The sergeant would bellow orders across the training field.
flicker,/ˈflɪkər/,(전깃불이나 불길이) 깜박거리다,The candle began to flicker in the gentle evening breeze.
petty,/ˈpɛti/,"사소한, 하찮은",They argued over petty details instead of the real issue.
gracious,/ˈgreɪʃəs/,"정중한, 친절한, 상냥한, 품위 있는",Our host was gracious and made every guest feel welcome.
permeate,/ˈpɜrmiˌeɪt/,"(액체, 기체 등이) 스며들다, 배어들다, 번지다",The smell of fresh bread began to permeate the entire house.
ostentatious,/ˌɑstɛnˈteɪʃəs/,"호사스러운, 대단히 비싼",He drove an ostentatious sports car to impress his neighbors.
affinity,/əˈfɪnəti/,친밀감,She felt a strong affinity for the quiet mountain village.
hinder,/ˈhɪndər/,"저해하다, 방해하다, ~을 못하게 하다",Heavy rain could hinder our progress on the hiking trail.
subside,/səbˈsaɪd/,"가라앉다, 진정되다",The storm finally began to subside late in the evening.
tasteful,/ˈteɪstfəl/,세련된,The room was decorated in a simple yet tasteful manner.
paragon,/ˈpærəˌgɑn/,"표상, 전형, 모범, 본보기, 귀감",She is regarded as a paragon of honesty and hard work.
scenic,/ˈsinɪk/,경치가 좋은,We took the scenic route along the coast to enjoy the view.
submission,/səbˈmɪʃən/,"항복, 굴복",The rebels were finally forced into submission by the army.
give ~ the cold shoulder,,~를 쌀쌀맞게 대하다,Don't give me the cold shoulder just because I disagreed.
capricious,/kəˈprɪʃəs/,(사람이) 변덕스러운,"The weather here is capricious, sunny one moment and rainy the next."
chip in,,"나눠 내다, 갹출하다, 나눠 부담하다 <비격식적인 표현>",Everyone agreed to chip in for the retirement gift.
moot,/mut/,고려할 가치가 없는,"Since the event was canceled, the whole debate became moot."
live through ~,,~을 겪고 살아남다,My grandparents lived through the war and its aftermath.
sharp,/ʃɑrp/,정각,The meeting will begin at nine o'clock sharp tomorrow morning.
gleaming,/ˈglimɪŋ/,"빛나는, 환한",The kitchen counters were gleaming after she cleaned them.
monastery,/ˈmɑnəˌstɛri/,수도원,The monks lived quietly in a monastery high in the mountains.
take ~ on the chin,,묵묵히 받아들이다,You have to take it on the chin and move on.
adulterate,/əˈdʌltəˌreɪt/,"~에 불순물을 섞다, (~을 섞어서) ~의 품질을 떨어뜨리다",Dishonest sellers sometimes adulterate olive oil with cheaper substances.
leash,/liʃ/,(개의 목에 둘러매는) 목줄,Please keep your dog on a leash while in the park.
rarity,/ˈrɛrəti/,희귀성,A snowfall in this desert region is a real rarity.
refined,/rɪˈfaɪnd/,"교양 있는, 품위 있는, 세련된, 고상한",She has refined manners and speaks in a gentle voice.
corrupt,/kəˈrʌpt/,"부패한, 타락한, 부도덕한",The corrupt official accepted bribes from local businesses.
fashion,/ˈfæʃən/,"방법, 방식",He solved the problem in a very clever fashion.
respray,/ˌriˈspreɪ/,도색을 새로 하다,He decided to respray the old car a bright red.
circumvent,/ˌsɜrkəmˈvɛnt/,"(어려움이나 법 등을) 피하다, 면하다",They found a clever way to circumvent the strict regulations.
nosedive,/ˈnoʊzˌdaɪv/,"(물가, 비용 등이) 급락하다",Stock prices began to nosedive after the shocking announcement.
carry away,,"~의 넋을 잃게 하다, ~을 열중케 하다, ~을 흥분시키다",He got carried away and spent far too much money.
relentless,/rɪˈlɛntləs/,"(사람이) 집요한, 끈질긴",Her relentless determination finally earned her the championship.
on a regular basis,,정기적으로,She visits her elderly parents on a regular basis.
agony,/ˈægəni/,"(극도의 육체적, 정신적) 고통, 괴로움",He was in agony after breaking his leg on the ice.
civil service examination,/ˈsɪvəl ˈsɜrvɪs ɪgˌzæməˈneɪʃən/,공무원 시험,She spent two years preparing for the civil service examination.
judicial,/dʒuˈdɪʃəl/,"사법의, 재판의",The judicial system must remain independent from political pressure.
carnal,/ˈkɑrnəl/,"(느낌, 욕구 등이) 육체적인, 성적인 <주로 명사 앞에 씀>",The novel explores carnal desire and its consequences.
Easter,/ˈistər/,부활절,The family gathered for a big dinner on Easter Sunday.
on cloud nine,,"정말 기분이 좋은, 너무나 행복한",She was on cloud nine after hearing she got the job.
spew,/spju/,"뿜어내다, 토해 내다, 분출하다",The volcano continued to spew ash into the sky.
migraine,/ˈmaɪˌgreɪn/,편두통,She had to lie down because of a terrible migraine.
pancreas,/ˈpæŋkriəs/,췌장,The pancreas produces insulin to regulate blood sugar levels.
paramedic,/ˌpærəˈmɛdɪk/,구급대원 <응급상황에서 환자가 병원에 도착하기 전까지 응급처치를 하는 사람>,A paramedic quickly treated the injured driver at the scene.
eel,/il/,장어,We ordered grilled eel at the small Japanese restaurant.
mussel,/ˈmʌsəl/,홍합,The seafood pasta was topped with fresh mussel and shrimp.
relinquish,/rɪˈlɪŋkwɪʃ/,"(소유권, 권한 등을) 포기하다, 내주다",He refused to relinquish control of the family business.
inmate,/ˈɪnˌmeɪt/,"수감자, 재소자, 입원 환자, 피수용자",Each inmate was allowed one hour of exercise per day.
binge,/bɪndʒ/,"(~을) 폭식하다, 폭음하다, 몰아보다, 과하게 탐닉하다 <한꺼번에 몰아서 하는 것을 뜻함>",They decided to binge the entire series over the weekend.
due,/du/,"(~을) 받을 예정인, (~이) 이루어질 예정인",The final report is due at the end of this month.
utensil,/juˈtɛnsəl/,"(가정에서 사용하는) 기구, 도구",A whisk is a handy utensil for beating eggs.
dilate,/ˈdaɪˌleɪt/,"확장시키다, 팽창시키다, 키우다",The doctor used drops to dilate the patient's pupils.
pupil,/ˈpjupəl/,"눈동자, 동공","In dim light, the pupil of the eye grows larger."
puny,/ˈpjuni/,작고 연약한,The puny kitten was the smallest of the entire litter.
pelvis,/ˈpɛlvɪs/,골반,She fractured her pelvis in the skiing accident.
relish,/ˈrɛlɪʃ/,"즐기다, 좋아하다",He seemed to relish every moment of his sudden fame.
tech-savvy,/ˈtɛk ˈsævi/,최신기술에 능통한,The new intern is very tech-savvy and fixed the network instantly.
last resort,/ˈlæst rɪˈzɔrt/,마지막 수단,Selling the house was their last resort to pay the debts.
overhear,/ˌoʊvərˈhɪr/,(남의 대화 등을) 우연히 듣다,I happened to overhear their conversation on the bus.
whacked,/wækt/,"녹초가 된, 몹시 지친, 기진맥진한 <비격식 영국 표현>","After the long hike, I felt completely whacked."
tremulous,/ˈtrɛmjələs/,"약간 떠는, 약간 떨리는 <문어체>","She answered in a tremulous voice, clearly frightened."
prolonged,/prəˈlɔŋd/,"오래 계속되는, 장기적인",The region suffered from a prolonged drought last summer.
upstart,/ˈʌpˌstɑrt/,벼락출세자 <갑자기 부/명예/권력 등을 얻어서 건방지게 구는 사람>,The arrogant upstart tried to lecture experienced professionals.
sitting duck,,"속수무책으로 당하는 약자, 공격하기 쉬운 대상","Alone on the open field, he was a sitting duck."
come clean,,"실토하다, 자백하다, 솔직히 털어놓다",He finally decided to come clean about the missing money.
induce,/ɪnˈdus/,"유발하다, 초래하다 <격식>",Certain foods can induce a headache in sensitive people.
adulthood,/əˈdʌltˌhʊd/,"성인, 성년, 성인임",He moved abroad shortly after reaching adulthood.
aspire,/əˈspaɪər/,"(~하기를) 열망하다, 염원하다 <""aspire to + 동사원형"" 형태로 씀>",Many young athletes aspire to compete in the Olympics.
marvelous,/ˈmɑrvələs/,"기막히게 좋은, 경탄할 만한",We had a marvelous time at the seaside resort.
containment,/kənˈteɪnmənt/,(좋지 않은 일의) 억제,The government focused on the containment of the disease outbreak.
testimony,/ˈtɛstəˌmoʊni/,"(공식적인) 발언, 진술",Her testimony in court helped convict the criminal.
as long as,,"~하는 한은, ~이기만 하면, ~하기만 하면",You can borrow my car as long as you drive carefully.
queasy,/ˈkwizi/,"메스꺼운, 욕지기나는 <비격식적인 표현>",The rocking boat made her feel a little queasy.
conclude,/kənˈklud/,"끝내다, 마치다, 마무리하다",The professor will conclude the lecture with a short summary.
firework,/ˈfaɪərˌwɜrk/,폭죽,A single firework lit up the entire night sky.
mock,/mɑk/,"(특히 흉내를 내며) 놀리다, 조롱하다",The other kids would mock him for his old shoes.
meant to ~,,"~하기로 되어 있는, ~할 예정인, ~하지 않으면 안 되는",You were meant to call me back an hour ago.
conviction,/kənˈvɪkʃən/,"(강한) 신념, 의견",She spoke with deep conviction about the need for change.
abdomen,/ˈæbdəmən/,"배, 복부",The patient complained of sharp pain in the lower abdomen.
start over,,다시 시작하다,"After the mistake, we had to start over from scratch."
gal pal,/ˈgæl ˈpæl/,여자인 친구,She went shopping with her gal pal all afternoon.
project,/prəˈdʒɛkt/,"예상하다, 추정하다",Analysts project a steady rise in sales next year.
integrity,/ɪnˈtɛgrəti/,"진실성, 고결함, 정직, 청렴",The judge was admired for her honesty and integrity.
pristine,/ˈprɪsˌtin/,"완전 새 것 같은, 아주 깨끗한",The mountain lake was pristine and perfectly clear.
discrimination,/dɪˌskrɪməˈneɪʃən/,"(차이를 구분해 낼 수 있는) 식별력, 판별력",A wine expert needs great discrimination in judging flavors.
light up,,"(빛, 색이) ~을 밝히다, 환하게 만들다",The fireworks lit up the sky in brilliant colors.
for sale,,팔려고 내놓은,They put their old house up for sale last week.
digest,/daɪˈdʒɛst/,"(음식을) 소화하다, 소화시키다",It takes time to digest a heavy meal properly.
bizarre,/bɪˈzɑr/,"기괴한, 기이한, 특이한",He told us a bizarre story about talking animals.
archive,/ˈɑrˌkaɪv/,"기록 보관소, 보존 기록",The old newspapers are stored in the city archive.
sounds like a plan,,"좋아요, 그래요, 좋은 생각이야 <상대의 말에 동의를 나타내는 표현>",Meeting at noon sounds like a plan to everyone.
flimsy,/ˈflɪmzi/,"조잡한, 엉성하게 만든, 약한",The flimsy umbrella broke in the first strong gust.
ballot,/ˈbælət/,"무기명 투표, 비밀 투표",Members cast their votes by secret ballot.
shove,/ʃʌv/,"(거칠게) 밀치다, 떠밀다",He gave the heavy door a hard shove to open it.
forestry,/ˈfɔrəstri/,"임학, 임업, 삼림 관리",She studied forestry to help manage the national parks.
infuriate,/ɪnˈfjʊriˌeɪt/,극도로 화나게 만들다,His constant lateness never fails to infuriate the boss.
wretched,/ˈrɛtʃɪd/,"기분이 매우 안 좋은, 비참한, 몸 상태가 아주 나쁜",He felt wretched and feverish after catching the flu.
overseer,/ˈoʊvərˌsiər/,"감독관, 감독 기관 <시스템, 활동 등이 적절히 이뤄지도록 감독하는 사람>",The overseer inspected the workers' progress every morning.
out of business,,폐업한,The old bookstore finally went out of business last year.
ease into ~,,"~에 서서히 익숙해지다, ~에 서서히 친숙해지다",She slowly eased into her new role as manager.
have got,,"있다, 가지고 있다, 가지다",I have got a meeting scheduled for early tomorrow.
predecessor,/ˈprɛdəˌsɛsər/,전임자,The new director continued the projects started by her predecessor.
distribution,/ˌdɪstrəˈbjuʃən/,유통 <제품/상품을 생산자에서 소비자에게 도달되게 하는 과정>,The company improved the distribution of its products nationwide.
belly,/ˈbɛli/,배,The baby giggled when I tickled his round belly.
footage,/ˈfʊtɪdʒ/,"(특정한 사건을 담은) 장면, 화면, 영상",Security footage captured the thief entering the building.
malicious,/məˈlɪʃəs/,"악의적인, 적의 있는",She spread malicious rumors about her coworker.
landline,/ˈlændˌlaɪn/,일반 전화,Many households no longer keep a traditional landline.
evoke,/ɪˈvoʊk/,"~을 떠올리게 만들다, 불러일으키다, 상기시키다 <격식 있는 표현>",The old song can evoke memories of my childhood.
bona fide,,"진정한, 진실된, 진짜의 <라틴어에서 유래한 표현>",He is a bona fide expert in ancient languages.
adversity,/ædˈvɜrsəti/,역경 <격식>,She showed great courage in the face of adversity.
give ~ a go,,~을 한번 해 보다,"I've never tried skiing, but I'll give it a go."
uncalled for,,"(행동, 발언이) 부적절한, 부당한",His rude comment was completely uncalled for.
euphoria,/juˈfɔriə/,"희열, 도취, 행복감",A wave of euphoria swept over the winning team.
subsequently,/ˈsʌbsɪkwəntli/,"그 뒤에, 나중에 <격식 있는 표현>",He was arrested and subsequently released on bail.
desertification,/dɪˌzɜrtəfɪˈkeɪʃən/,사막화,Overgrazing is a major cause of desertification in the region.
repentant,/rɪˈpɛntənt/,"뉘우치는, 회개하는, 후회하는",The repentant thief returned everything he had stolen.
circumscribe,/ˈsɜrkəmˌskraɪb/,"(권리, 자유 등을) 제한하다, 억제하다",New rules circumscribe the powers of local officials.
home remedy,/ˈhoʊm ˈrɛmədi/,"민간요법, 가정요법",My grandmother swears by a home remedy for the common cold.
square,/skwɛr/,"~와 일치하다, 들어맞다",His story doesn't quite square with the evidence.
atheist,/ˈeɪθiɪst/,무신론자,"As an atheist, he does not believe in any god."
contemptuous,/kənˈtɛmptʃuəs/,"경멸하는, 업신여기는",She gave him a contemptuous look and walked away.
dialect,/ˈdaɪəˌlɛkt/,"방언, 사투리",The villagers speak a dialect quite different from the standard language.
ad hoc,,"즉석의, 필요에 의해 즉석에서 마련된 <라틴어에서 유래. 한시적으로 마련된 것을 뜻함>",They formed an ad hoc committee to handle the emergency.
muster,/ˈmʌstər/,"(병사, 병력 등을) 소집하다, 동원하다",The general tried to muster more troops for the battle.
reincarnation,/ˌriɪnkɑrˈneɪʃən/,환생,Many Hindus believe in the reincarnation of the soul.
fidelity,/fɪˈdɛləti/,"(배우자에 대한) 신의, 정절",He promised lifelong fidelity to his wife.
distress,/dɪˈstrɛs/,"괴롭히다, 고통스럽게 하다",The sad news continued to distress her for weeks.
save,/seɪv/,"(돈을) ~을 모으다, ~을 저축하다",They tried to save enough money to buy a house.
foot traffic,/ˈfʊt ˈtræfɪk/,유동 인구,The new store location gets a lot of foot traffic.
in vain,,"헛수고인, 헛되이, 허사가 되어","They searched all night, but their efforts were in vain."
strenuous,/ˈstrɛnjuəs/,"불굴의, 굽히지 않는, 완강한",She made strenuous efforts to finish the marathon.
subordinate,/səˈbɔrdənət/,(~에) 종속된,"In this system, personal wishes are subordinate to the group's needs."
feverish,/ˈfivərɪʃ/,"열이 나는, 열로 인한",The child felt hot and feverish throughout the night.
whim,/wɪm/,"(일시적인) 기분, 변덕",He bought the expensive watch on a sudden whim.
antiquity,/ænˈtɪkwəti/,"유물, 고대 유물 <주로 복수형으로 씀>",The museum houses many rare antiquities from ancient Greece.
disarray,/ˌdɪsəˈreɪ/,"(상황, 장소의) 혼란스러움, 혼란",The office was in complete disarray after the sudden move.
defiant,/dɪˈfaɪənt/,"반항하는, 저항하는",The defiant teenager refused to obey his parents' rules.
scoop,/skup/,"뜨다, 파다, 푸다, 퍼 올리다",She used a spoon to scoop the ice cream into bowls.
rioter,/ˈraɪətər/,폭도,One rioter threw a rock through the shop window.
publicize,/ˈpʌbləˌsaɪz/,"(일반 사람들에게) 공표하다, 알리다, 홍보하다",The company spent millions to publicize its new product.
pack up,,"(기계가) 작동을 멈추다, 서다",My old laptop finally packed up during the meeting.
fraction,/ˈfrækʃən/,"아주 적은 일부, 아주 조금",Only a small fraction of the applicants were accepted.
deliberate,/dɪˈlɪbərət/,"고의의, 의도적인, 계획적인","The insult was clearly deliberate, not an accident."
get back on the horse,,실패했던 걸 다시 시도하다,After the injury he had to get back on the horse and race again.
debut,/deɪˈbjuː/,"데뷔, 첫 출연, 첫 등장",Her film debut earned rave reviews from every major critic.
like,/laɪk/,(인용문 앞에서) ~라고 말하다,"She was like, ""I can't believe you actually did that."""
provocation,/ˌprɑːvəˈkeɪʃən/,"도발, 자극, 화낼 이유",He lost his temper at the slightest provocation from his coworkers.
complementary,/ˌkɑːmpləˈmentri/,상호 보완적인,"Their skills are complementary, so they make an excellent team."
get there,,"(과제, 목표 등을) 해 내다, 달성하다","It's a tough goal, but with practice we'll get there."
go haywire,,"고장 나다, 잘못되다, 통제 불능이 되다, 맛 가다",The computer started to go haywire right before the deadline.
contender,/kənˈtendər/,"도전자, 경쟁자, 우승 후보 <보통 대회나 경쟁에 참여한 사람>",She quickly became a serious contender for the championship title.
skyrocket,/ˈskaɪˌrɑːkɪt/,(물가 등이) 급등하다,Housing prices skyrocketed in the city over the past year.
hold on to ~,,"(자기에게 유리한 것을) 고수하다, 지키다",You should hold on to those old coins; they're valuable now.
projectile,/prəˈdʒektəl/,"(총알, 포탄 등의) 발사체, 발사물",The cannon launched a heavy projectile across the open field.
gill,/ɡɪl/,아가미,Fish breathe by passing water over their delicate gills.
pathetically,/pəˈθetɪkli/,"애처롭게, 애절하게, 감상적으로",The lost puppy whined pathetically outside the locked front door.
grant,/ɡrænt/,(정부나 단체에서 주는) 보조금,The university received a large grant for cancer research.
clingy,/ˈklɪŋi/,"(사람이) 집착하는, 들러붙는 <타인에게 지나치게 의존하려는>",Her new boyfriend became clingy and texted her every few minutes.
rehabilitate,/ˌriːhəˈbɪlɪteɪt/,"재활 치료를 하다, 갱생시키다",The program helps rehabilitate injured soldiers back into daily life.
enchanted,/ɪnˈtʃæntɪd/,마법에 걸린,The enchanted forest glowed softly under the pale moonlight.
genuinely,/ˈdʒenjuɪnli/,"진짜로, 진정으로, 진심 어리게",I'm genuinely happy that you finally got the promotion.
defrost,/diːˈfrɔːst/,(특히 식품을) 해동하다,Remember to defrost the chicken before you start cooking dinner.
not to mention,,"~은 말할 것도 없고, ~은 물론이고","The trip was expensive, not to mention exhausting for everyone."
compelling,/kəmˈpelɪŋ/,"설득력 있는, 강력한",The lawyer presented a compelling argument that swayed the jury.
benevolent,/bəˈnevələnt/,(특히 권위 있는 위치의 사람들이) 자애로운 <격식>,The benevolent king lowered taxes to help his struggling people.
feed on ~,,"(동물이) ~을 먹다, ~을 먹고 살다",Owls typically feed on small rodents that come out at night.
root for ~,,~를 응원하다,The whole town came out to root for the local team.
spatula,/ˈspætʃələ/,주걱 <요리 중에 음식을 뒤집는 도구>,She flipped the pancakes carefully with a wooden spatula.
in good hands,,"(맡겨서) 안심할 수 있는, 잘 관리되는",Don't worry about your dog; he's in good hands with us.
smirk,/smɜːrk/,히죽히죽 웃다,He smirked knowingly when she finally realized her mistake.
triumph,/ˈtraɪəmf/,"성취, 업적, 대성공, 개가(凱歌)",Winning the award was a personal triumph after years of effort.
ornamental,/ˌɔːrnəˈmentl/,장식용의,The garden was full of ornamental plants rather than vegetables.
incorrigible,/ɪnˈkɔːrɪdʒəbl/,"구제 불능의, 고질적인 <사람이 고치거나 개선할 수 없는>",He's an incorrigible liar who never admits the truth.
in jeopardy,,위기에 처한,The company's future was in jeopardy after the massive lawsuit.
ferment,/fərˈment/,발효되다,The grapes are left to ferment for several weeks in barrels.
tenuous,/ˈtenjuəs/,"보잘것없는, 미약한, 시시한",His connection to the crime was tenuous at best.
enticing,/ɪnˈtaɪsɪŋ/,유혹적인,The smell of fresh bread was absolutely enticing this morning.
compliment,/ˈkɑːmplɪment/,칭찬하다,She complimented him on his beautifully written speech.
graze,/ɡreɪz/,"(피부가) 까진 상처, 긁힌 상처, 찰과상",He got a nasty graze on his knee after falling.
wiretap,/ˈwaɪərtæp/,도청 장치,Police installed a wiretap to record the suspect's phone calls.
nonconformist,/ˌnɑːnkənˈfɔːrmɪst/,이단아 <일반적인 관행을 따르지 않는 사람>,"As a nonconformist, she refused to follow the company dress code."
mesmerize,/ˈmezməraɪz/,"최면을 걸듯 마음을 사로잡다, 완전 넋을 빼놓다",The dancer's graceful movements mesmerized the entire audience.
preconception,/ˌpriːkənˈsepʃən/,선입견,Try to set aside your preconceptions before meeting the new team.
fathom,/ˈfæðəm/,"(의미 등을) 헤아리다, 가늠하다",I can't fathom why she would quit such a great job.
mandate,/ˈmændeɪt/,"(법, 규정 등으로) 강제하다, 요구하다",The new law mandates that all cars have safety airbags.
mandate,/ˈmændeɪt/,"(공식적인) 지시, 명령",The governor received a clear mandate to reform the schools.
corridor,/ˈkɔːrɪdɔːr/,"복도, 회랑",She hurried down the long corridor toward the meeting room.
minuscule,/ˈmɪnəskjuːl/,"아주 적은, 아주 작은",The chances of winning the lottery are absolutely minuscule.
roll on,,(시간이) 흐르다,"As the years rolled on, the small village slowly grew."
frowny,/ˈfraʊni/,(얼굴을) 찡그린,The child drew a frowny face when she felt upset.
resort to ~,,"~에 기대다, 의지하다","When words failed, they resorted to violence to settle the dispute."
embody,/ɪmˈbɑːdi/,"상징하다, 구현하다, 구체화하다",She embodies the spirit of kindness in everything she does.
embody,/ɪmˈbɑːdi/,"포함하다, 담다 (격식)",The report embodies the findings of a decade of research.
communal,/kəˈmjuːnl/,"(특히 함께 사는 사람들) 공동의, 공용의",The residents share a communal kitchen on the ground floor.
alleyway,/ˈæliweɪ/,"골목, 좁은 길","The cat slipped quietly into the dark, narrow alleyway."
wee hours,/ˌwiː ˈaʊərz/,꼭두새벽 <자정에서 해 뜰 때까지를 가리킴>,They talked until the wee hours of the morning.
standard,/ˈstændərd/,"(특정 부대를 상징하는) 기(旗), 군기",The soldiers marched proudly behind their regiment's standard.
wreak havoc,,(~에) 큰 피해를 주다,The storm wreaked havoc across the coastal towns overnight.
tortured,/ˈtɔːrtʃərd/,"극심한 고통에 시달리는, 지독히 고통스러운 <명사 앞에만 씀>",The poet was a tortured soul haunted by past regrets.
reap,/riːp/,"(농작물을) 수확하다, 거둬들이다",The farmers reap the wheat every year in late summer.
feud,/fjuːd/,"(오랜 동안의) 불화, 반목",The two families had a bitter feud lasting many generations.
smolder,/ˈsmoʊldər/,(불이) 불꽃 없이 서서히 연소하다,The campfire continued to smolder long after everyone slept.
smolder,/ˈsmoʊldər/,"들끓다, 끓어오르다, 가득 차다",Resentment smoldered within him for years after the betrayal.
futon,/ˈfuːtɑːn/,"소파 침대 <펼쳐서 침대로 쓸 수도 있고, 접어서 소파로 쓸 수 있는 가구>",Our guests slept on the futon in the living room.
straightforward,/ˌstreɪtˈfɔːrwərd/,"간단한, 쉬운, 복잡하지 않은",The instructions were straightforward and easy to follow.
telecommute,/ˈtelɪkəmjuːt/,(컴퓨터 등에 접속해서) 재택 근무하다,Many employees now telecommute several days a week from home.
house,/haʊz/,"보관하다, 소장하다, 수용하다",The museum houses thousands of priceless ancient artifacts.
regain,/rɪˈɡeɪn/,"(능력, 특성 등을) 되찾다, 회복하다",It took months for him to regain his full strength.
relent,/rɪˈlent/,"(기세, 강도 등이) 수그러들다, 누그러지다",The heavy rain finally relented late in the afternoon.
sanction,/ˈsæŋkʃən/,"허가, 승인, 인가",The project cannot proceed without official sanction from the board.
flesh,/fleʃ/,"(마음, 정신에 대비되는 사람의) 육체, 몸 <주로 the flesh로 씀>","The spirit is willing, but the flesh is weak."
conform,/kənˈfɔːrm/,"(~에) 순응하다, 따르다",New students are expected to conform to the school's rules.
hayride,/ˈheɪraɪd/,건초 더미 위에 올라타고 가기,The children enjoyed a bumpy hayride through the autumn fields.
acrid,/ˈækrɪd/,"(냄새나 맛이) 매캐한, 콕 쏘는 듯한",The acrid smoke from the fire made everyone cough.
defund,/diːˈfʌnd/,~에 대한 자금 지원을 중단하다,Lawmakers threatened to defund the program after the scandal broke.
ratify,/ˈrætɪfaɪ/,비준하다 (헌법상의 조약 체결권자가 조약에 최종적으로 동의함),The senate voted to ratify the international climate treaty.
ratify,/ˈrætɪfaɪ/,승인하다 <합의나 협정에 사인하거나 격식을 갖춘 방법으로>,Both parties met to ratify the terms of the new agreement.
wig,/wɪɡ/,가발,The actor wore a curly wig for his stage role.
excavate,/ˈekskəveɪt/,(땅을) 파다,Archaeologists began to excavate the site near the old temple.
contention,/kənˈtenʃən/,"(논쟁 등에서 말하는) 주장, 견해",Her contention is that the new policy will hurt small businesses.
mercifully,/ˈmɜːrsɪfəli/,다행히도,"Mercifully, no one was seriously hurt in the accident."
stab,/stæb/,(칼같이 뾰족한 것으로) 찌르다,The attacker tried to stab him with a kitchen knife.
admire,/ədˈmaɪər/,(사물을) 감상하다 <즐겁게 바라본다는 뜻>,We stopped to admire the stunning view from the mountaintop.
condemn,/kənˈdem/,"~가 유죄임을 보여주다, 유죄임을 시사하다",The fingerprints on the weapon seemed to condemn the suspect.
putative,/ˈpjuːtətɪv/,"추정의, 추정 상의, ~로 추정되는, 추정되고 있는 <법률 용어>",The putative father was asked to take a DNA test.
riddle,/ˈrɪdl/,수수께끼,The old man told the children a clever riddle to solve.
rigorously,/ˈrɪɡərəsli/,"엄격히, 엄밀히",Each product is rigorously tested before it reaches the market.
hypnotize,/ˈhɪpnətaɪz/,~에게 최면을 걸다,The therapist tried to hypnotize her to ease the anxiety.
retrial,/ˌriːˈtraɪəl/,(재판의) 재심 <확정판결로 사건이 종결되었으나 중대한 결함이 발견되었을 때 다시 하는 재판>,The judge ordered a retrial after new evidence emerged.
draw attention,,"관심을 끌다, 주의를 끌다",The bright poster was designed to draw attention to the event.
wield,/wiːld/,"(무기, 도구를) 휘두르다, 들다",The knight learned to wield a heavy sword in battle.
influx,/ˈɪnflʌks/,"밀어닥침, 밀려듦, 유입",The city saw a sudden influx of tourists this summer.
herbivore,/ˈɜːrbɪvɔːr/,초식 동물,A cow is a herbivore that grazes on grass all day.
labyrinth,/ˈlæbərɪnθ/,미로 <격식>,The old castle was a labyrinth of winding stone passages.
nerd,/nɜːrd/,"얼간이, 멍텅구리, 자기 분야만 아는 괴짜",He's a total computer nerd who codes every single weekend.
den,/den/,작은 거실 <손님이 왔을 때도 사용하는 living room보다는 사적인 공간>,Dad likes to read the newspaper in his cozy den.
impeccable,/ɪmˈpekəbl/,죄를 저지르지 않는 <신학 용어>,"In theology, an impeccable being is incapable of committing sin."
prevalent,/ˈprevələnt/,"(특정 시기, 장소에) 일반적인, 널리 퍼져 있는",Smartphones are prevalent among teenagers across the entire country.
vote of confidence,,신뢰의 말,Her promotion was a real vote of confidence from the boss.
salvage,/ˈsælvɪdʒ/,"(특히 재난사고로부터 재화의) 구조, 인양",The salvage of the sunken ship took several difficult months.
salvage,/ˈsælvɪdʒ/,"구해내다, 건져내다, 회수하다",They managed to salvage a few photos from the flooded house.
malleable,/ˈmæliəbl/,"(사람, 사상 등이) 영향을 잘 받는, 잘 변하는",Young children have malleable minds that absorb new ideas quickly.
malleable,/ˈmæliəbl/,"펴 늘일 수 있는, 전성이 있는, 가단성 있는","Gold is a soft, malleable metal that bends easily."
emanate,/ˈeməneɪt/,"(느낌, 특징 등이) 뿜어져 나오다",A sense of calm seemed to emanate from the quiet garden.
versatile,/ˈvɜːrsətl/,"(사물이) 다용도의, 다목적의","This versatile tool can cut, sand, and polish wood."
voracious,/vəˈreɪʃəs/,(식욕이) 왕성한,The growing boy had a voracious appetite at every meal.
enzyme,/ˈenzaɪm/,효소 <생물학 용어>,This enzyme helps break down the food in your stomach.
objectify,/əbˈdʒektɪfaɪ/,"~을 대상화하다, ~을 물건 취급하다",The advertisement was criticized for objectifying women.
preservative,/prɪˈzɜːrvətɪv/,방부제,This bread contains no artificial preservatives or added colors.
transitory,/ˈtrænsətɔːri/,"일시적인, 덧없는 <격식>","Fame can be transitory, fading long before real talent does."
mount,/maʊnt/,"~을 조직해서 시작하다, 개시하다",The activists mounted a campaign to protect the local forest.
stem,/stem/,"(~에서) 생겨나다, 기인하다, 일어나다, 유래하다",Many of her fears stem from a childhood accident.
stem,/stem/,"(흐름을) 막다, 저지하다",Doctors worked quickly to stem the bleeding from the wound.
glorify,/ˈɡlɔːrɪfaɪ/,미화하다 <주로 부정적인 어감>,The film was criticized for glorifying war and violence.
inconceivable,/ˌɪnkənˈsiːvəbl/,"상상도 할 수 없는, 생각도 할 수 없는",It's inconceivable that she would betray her closest friends.
frost,/frɔːst/,"크림을 바르다, 프로스팅을 입히다, 아이싱을 입히다 <주로 미국에서 쓰는 표현>",She carefully frosted the birthday cake with pink icing.
infidelity,/ˌɪnfɪˈdeləti/,"불륜, 외도",Their marriage fell apart after his repeated infidelity.
elephant in the room,,"껄끄러운 문제, 말하기 꺼리는 문제 <사람들이 알고는 있지만 말하기를 꺼리는 문제>","Nobody mentioned the debt, the obvious elephant in the room."
proper,/ˈprɑːpər/,엄밀한 의미의 <명사 뒤에 씀>,"The suburbs are large, but the city proper is quite small."
reframe,/ˌriːˈfreɪm/,~을 재구성하다,Try to reframe the problem as an exciting new opportunity.
rather,/ˈræðər/,"꽤, 상당히, 어느 정도","The exam was rather difficult, but I managed to pass."
bustling,/ˈbʌslɪŋ/,"부산한, 북적거리는",The market was bustling with shoppers early on Saturday morning.
anything but,,"전혀 ~하지 않은, 전혀 ~이 아닌","The task was anything but easy, despite what they promised."
walk on eggshells,,(~의) 눈치를 살살 보다,"Everyone walked on eggshells around the angry, unpredictable manager."
exclusively,/ɪkˈskluːsɪvli/,"배타적으로, 독점적으로, 오로지, 오직 ~뿐",This lounge is reserved exclusively for first-class passengers.
profess,/prəˈfes/,"(감정 등을) 고백하다, 공언하다, 천명하다",He professed his undying love for her in front of everyone.
hamper,/ˈhæmpər/,방해하다,Heavy snow hampered the rescue team's efforts on the mountain.
leave,/liːv/,(책임을 다른 사람에게) 맡기다,I'll leave the final decision entirely to you and your team.
audacious,/ɔːˈdeɪʃəs/,대담한,Her audacious plan to cross the desert alone shocked everyone.
undermine,/ˌʌndərˈmaɪn/,"(특히 자신감, 권위 등을) 약화시키다",Constant criticism can undermine a child's confidence over time.
reminiscence,/ˌremɪˈnɪsns/,"추억, 회상 <셀 수 없는 명사>",The old letters were full of warm reminiscence about their youth.
to some extent,,"어느 정도, 약간은","To some extent, I agree with your assessment of the situation."
envision,/ɪnˈvɪʒən/,"(미래의 일을) 마음속에 그리다, 상상하다",I envision a future where clean energy powers every home.
coincidental,/koʊˌɪnsɪˈdentl/,"우연의 일치인, 우연의",Their meeting at the airport was purely coincidental.
conformity,/kənˈfɔːrməti/,"(규칙, 관습 등에) 따름, 순응 <격식>",The school demands strict conformity to its dress code.
bail,/beɪl/,"급히 떠나다, 빨리 가다 <미국 구어>","The party was boring, so we decided to bail early."
bail,/beɪl/,"보석, 보석금",The judge set bail at fifty thousand dollars.
persist,/pərˈsɪst/,"집요하게 계속하다, 끈질기게 계속하다",She persisted with her questions until she got a clear answer.
coin,/kɔɪn/,(새로운 단어나 표현을) 만들다,Scientists coined a new term to describe the strange phenomenon.
status quo,/ˌstætəs ˈkwoʊ/,"현재의 상황, 현상",Many people are reluctant to challenge the comfortable status quo.
get ~ over with,,(불쾌하지만 해야 할 일) ~을 끝내다,Let's just get the dentist appointment over with today.
paralyzed,/ˈpærəlaɪzd/,마비된,The accident left him paralyzed from the waist down.
disagreeable,/ˌdɪsəˈɡriːəbl/,"불쾌한, 마음에 들지 않는, 싫은",There was a disagreeable smell coming from the old refrigerator.
killer whale,/ˈkɪlər weɪl/,범고래,A pod of killer whales swam gracefully past the boat.
natural enemy,/ˈnætʃərəl ˈenəmi/,(생물의) 천적(天敵),The mongoose is a natural enemy of the venomous cobra.
rescuer,/ˈreskjuːər/,"구조자, 구제자, 구해준 사람",The grateful hikers thanked their rescuer for the daring effort.
dip,/dɪp/,"(아래로) 내려가다, 떨어지다",The temperature will dip below freezing later tonight.
windbag,/ˈwɪndbæɡ/,쓸데없는 말을 너무 많이 하는 사람,That politician is a windbag who never actually says anything useful.
interpose,/ˌɪntərˈpoʊz/,"(대화 중에 질문, 발언을) 덧붙이다, 끼어들다",She interposed a quick question before the speaker moved on.
radiant,/ˈreɪdiənt/,"빛나는, 환한",The bride looked absolutely radiant on her wedding day.
severance,/ˈsevərəns/,"고용 계약 해지, 해고",The laid-off workers each received a generous severance package.
relegate,/ˈreləɡeɪt/,"~를 좌천시키다, 내려앉히다","After the mistake, they relegated him to a minor role."
draw on ~,,"~을 활용하다, ~에 의지하다",The novelist drew on her own childhood for the story.
beside oneself,,"(걱정, 흥분으로) 이성을 잃고, 제정신이 아닌",She was beside herself with worry when the child went missing.
beat back,,"~을 격퇴하다, ~을 물리치다",The soldiers managed to beat back the enemy's fierce attack.
allowance,/əˈlaʊəns/,용돈 <주로 미국에서 쓰는 표현>,My parents gave me a weekly allowance when I was young.
put together,,"마련하다, 준비하다",She put together a wonderful dinner for the whole family.
rerun,/ˈriːrʌn/,(텔레비전 프로의) 재방송,On rainy days I love watching reruns of old sitcoms.
spontaneous,/spɑːnˈteɪniəs/,(미리 계획되거나 준비된 것이 아니라) 즉흥적인,We took a spontaneous road trip along the coast last weekend.
dictatorship,/dɪkˈteɪtərʃɪp/,"독재 국가, 독재 정권 <셀 수 있는 명사>",The country suffered for decades under a brutal dictatorship.
punchline,/ˈpʌntʃlaɪn/,"결정적인 한 방, 급소를 찌르는 말, 핵심이 되는 구절 <유머의 핵심 부분>",Everyone laughed loudly when he finally delivered the punchline.
what is the big deal,,"그게 뭐가 그렇게 중요해?, 그래서 어쨌단 거야?",So I forgot to call; what is the big deal?
diabetes,/ˌdaɪəˈbiːtiːz/,당뇨병,His doctor warned him that too much sugar could cause diabetes.
give way to ~,,"(감정, 눈물 등에) ~에 못 이기다, 무너지다",She finally gave way to tears at the funeral.
succulent,/ˈsʌkjələnt/,"(과일, 채소, 고기가) 즙이 많은 <호감>","The peach was ripe, sweet, and wonderfully succulent."
scarce,/skers/,"부족한, 드문, 희귀한",Fresh water became scarce during the long summer drought.
excruciating,/ɪkˈskruːʃieɪtɪŋ/,(육체적 또는 정신적으로) 몹시 고통스러운,The pain in his broken leg was absolutely excruciating.
excruciating,/ɪkˈskruːʃieɪtɪŋ/,"(수치, 어색함, 지루함 등이) 극심한",The three-hour lecture was excruciating from start to finish.
accusation,/ˌækjuˈzeɪʃən/,비난,He strongly denied the accusation that he had cheated.
longevity,/lɔːnˈdʒevəti/,수명,Regular exercise and good diet can improve your longevity.
tacit,/ˈtæsɪt/,"암묵적인, 무언의",There was a tacit agreement between them never to discuss it.
benefactor,/ˈbenɪfæktər/,"(학교, 자선단체 등의) 후원자 <격식>",An anonymous benefactor donated millions to the children's hospital.
repressive,/rɪˈpresɪv/,"(제도, 체제, 정부 등이) 억압적인, 탄압하는",The repressive regime jailed anyone who dared to protest.
patriarchal,/ˌpeɪtriˈɑːrkl/,"가부장적인, 가부장제의","She grew up in a strict, patriarchal household."
peril,/ˈperəl/,(심각한) 위험,The sailors faced great peril during the violent storm.
patio,/ˈpætioʊ/,"문밖 테라스, 파티오 <스페인식 주택의 안뜰, 중정(中庭)을 가리킴>",We had breakfast outside on the sunny patio this morning.
out,/aʊt/,"(이유를 나타내어) ~에서, ~때문에",She helped the stranger out of pure kindness.
stance,/stæns/,"(어떤 일에 대한 공개적인) 입장, 태도",The senator took a firm stance against the new tax.
student body president,/ˈstuːdnt ˈbɑːdi ˈprezɪdənt/,총학생회장,She was elected student body president in her senior year.
marble,/ˈmɑːrbl/,(아이들이 가지고 노는) 구슬,The boys played a game with colorful glass marbles.
from the get-go,,처음부터,I knew from the get-go that the plan would fail.
legislative,/ˈledʒɪsleɪtɪv/,"입법의, 입법부의",Congress holds the legislative power to create new federal laws.
not the sharpest tool in the shed,,"머리가 둔한, 어리석은","Nice guy, but he's not the sharpest tool in the shed."
spearhead,/ˈspɪrhed/,"(공격, 운동 등의) 선봉",She became the spearhead of the environmental movement in town.
serene,/səˈriːn/,"고요한, 평화로운, 조용한",The lake was calm and serene in the early morning light.
introspective,/ˌɪntrəˈspektɪv/,자기 성찰적인,He became quiet and introspective after his father passed away.
surge,/sɜːrdʒ/,"(강한 감정이) 휩싸다, 휘감다",A surge of joy swept over her when she saw him.
creed,/kriːd/,"신념, 신조",Honesty and hard work were the core of his personal creed.
animosity,/ˌænɪˈmɑːsəti/,"적대감, 증오, 반감",There was deep animosity between the two rival gangs.
illicit,/ɪˈlɪsɪt/,불법의,The police uncovered an illicit drug operation downtown.
mold,/moʊld/,곰팡이,Green mold had spread across the forgotten loaf of bread.
hiatus,/haɪˈeɪtəs/,(행동의) 중단,The band took a two-year hiatus before releasing new music.
sterile,/ˈsterəl/,"(땅이) 불모의, 척박한","Nothing grew in the dry, sterile soil of the desert."
bud,/bʌd/,싹을 티우다,The cherry trees begin to bud in early spring.
lifer,/ˈlaɪfər/,직업 군인,"As a lifer, he served in the army for over thirty years."
glare,/ɡler/,노려봄,She shot him an angry glare across the crowded room.
surrogate,/ˈsɜːrəɡət/,"대리의, 대용의",The kind teacher became a surrogate parent to the orphaned boy.
infuse,/ɪnˈfjuːz/,"(속속들이) 스미다, 영향을 미치다 <격식 있는 표현>",Her passion seemed to infuse every page of the novel.
ruling,/ˈruːlɪŋ/,"(판사나 법원이 공식적으로 내리는) 판결, 결정",The court's ruling surprised both the lawyers and the public.
solidify,/səˈlɪdɪfaɪ/,"(생각 등을) 굳히다, 확고히 하다 <격식 있는 표현>",The victory helped solidify her reputation as a leader.
surreal,/səˈriːəl/,"초현실적인, 비현실적인, 꿈 같은",Meeting my childhood hero felt completely surreal to me.
hodgepodge,/ˈhɑːdʒpɑːdʒ/,"뒤범벅, 뒤범벅된 것",His essay was a hodgepodge of unrelated ideas and quotes.
hand over fist,,"대량으로, 척척",The new shop was making money hand over fist.
deficient,/dɪˈfɪʃənt/,"(필수적인 것이) (~이) 부족한, 결핍된","Her diet was deficient in iron, so the doctor prescribed supplements."
caliber,/ˈkæləbər/,"역량, 자질",We need to hire an engineer of the highest caliber for this project.
favoritism,/ˈfeɪvərɪtɪzəm/,"편애, 편파",The manager was accused of favoritism toward his younger relatives.
lethal,/ˈliːθəl/,(생명을 위협하여) 치명적인,The snake's venom is lethal if the wound goes untreated.
sneak into ~,,~에 몰래 들어가다,The kids tried to sneak into the theater without paying for tickets.
puberty,/ˈpjuːbərti/,사춘기 <성인이 되는 과정에서 신체적 변화가 생기는 시기>,Most children reach puberty somewhere between the ages of ten and fourteen.
disseminate,/dɪˈsɛmɪneɪt/,"(정보, 지식 등을) 퍼뜨리다, 전파하다 <격식 있는 표현>",The agency works hard to disseminate accurate information during a crisis.
redundant,/rɪˈdʌndənt/,"불필요한, 쓸모없는, 잉여의",The editor deleted several redundant phrases to tighten the paragraph.
burn one's bridges,,"돌이킬 수 없게 만들다, 인연을 끊다, 배수의 진을 치다",Don't burn your bridges with former colleagues when you quit the job.
rehabilitation,/ˌriːhəˌbɪlɪˈteɪʃən/,"재활, 갱생 <마약(약물) 중독, 질병, 장애 등으로부터 회복하는 과정>","After the accident, he spent months in rehabilitation to walk again."
ornament,/ˈɔːrnəmənt/,장식,She hung a delicate glass ornament on the Christmas tree.
lint,/lɪnt/,"실의 잔부스러기, 보풀",I found a piece of lint stuck to my black sweater.
bolt,/boʊlt/,(동물이 놀라서) 갑자기 달아나다,The horse bolted the moment it heard the loud thunderclap.
clueless,/ˈkluːləs/,"(사람이) 무지한, 우둔한",He was completely clueless about how the new software worked.
dribble,/ˈdrɪbəl/,"(축구, 농구 등에서 공을) 드리블하다",She managed to dribble the ball past three defenders and score.
rock,/rɑːk/,~를 크게 흥분시키다,The band's surprise encore totally rocked the entire stadium crowd.
berate,/bɪˈreɪt/,질책하다,The coach began to berate his players for their careless mistakes.
lyric,/ˈlɪrɪk/,(노래의) 가사 <복수형으로 씀>,I couldn't understand the lyrics because the singer mumbled them.
extraneous,/ɪkˈstreɪniəs/,(특정 상황이나 주제와) 관련 없는,Please remove any extraneous details that distract from your main argument.
live off ~,,"~에 의지해서 살다, ~의 경제적 도움으로 살다",He still lives off his parents even though he's almost thirty.
provoke,/prəˈvoʊk/,"(특정한 반응을) 유발하다, 불러일으키다",The controversial ad was designed to provoke a strong reaction.
outline,/ˈaʊtlaɪn/,개요를 서술하다,The professor asked us to outline the main points before writing.
baloney,/bəˈloʊni/,"말도 안 되는 소리, 헛소리, 어이없는 소리",That excuse sounds like complete baloney to me.
liquidate,/ˈlɪkwɪdeɪt/,"~을 제거하다, 없애 버리다, 죽이다",The dictator ordered his agents to liquidate every political rival.
concord,/ˈkɑːnkɔːrd/,화합 <격식 있는 표현>,The two nations finally reached a lasting concord after years of tension.
phonics,/ˈfɑːnɪks/,발음 중심 어학 교수법,The teacher used phonics to help young children learn to read.
conscientious,/ˌkɑːnʃiˈɛnʃəs/,성실한 <맡은 일이나 책임 등을 제대로 해내려 한다는 뜻>,She is a conscientious worker who never leaves a task unfinished.
yearn,/jɜːrn/,"갈망하다, 동경하다 <문어체>","After years abroad, he began to yearn for his hometown."
hail from ~,,"~출신이다, ~에서 태어났다",The famous chef hails from a small village in southern Italy.
judgmental,/dʒʌdʒˈmɛntəl/,"(남에 대해) 비판을 잘하는, 재단을 잘하는",Try not to be so judgmental about people you barely know.
convincing,/kənˈvɪnsɪŋ/,"설득력 있는, 납득이 가는, 그럴듯한",Her argument was so convincing that everyone changed their minds.
favorably,/ˈfeɪvərəbli/,"호의적으로, 호의를 가지고",Critics responded favorably to the director's latest film.
lick,/lɪk/,핥다,The puppy tried to lick the ice cream off my hand.
let go,,"(~을) 놓다, 쥔 손을 늦추다",She refused to let go of the rope as she climbed higher.
for God's sake,,"제발, 좀, 하느님 맙소사","For God's sake, please stop shouting and listen to me."
pay,/peɪ/,(말이나 행동에 대한) 대가를 치르다,You'll pay dearly for the reckless decisions you made today.
seduce,/sɪˈduːs/,"(사람이, 주로 성적인 목적으로) 유혹하다, 꾀다",The villain tried to seduce the heroine to gain her secrets.
tax deduction,/ˈtæks dɪˌdʌkʃən/,소득 공제 <과세 대상 소득액을 줄여서 납부해야 할 세액을 줄여 주는 것>,You can claim a tax deduction for your charitable donations this year.
inability,/ˌɪnəˈbɪləti/,"무능, 불능",His inability to admit mistakes made teamwork very difficult.
factor ~ in,,"~을 고려하다, ~을 감안하다",Remember to factor the shipping costs in when you set the price.
talon,/ˈtælən/,(특히 맹금류의 갈고리 모양의) 발톱,The eagle seized the fish with its powerful talons.
solvent,/ˈsɑːlvənt/,부채 상환 능력이 있는 <부채를 상환할 수 있을 정도의 자산이 있는>,"Despite the recession, the company remained solvent throughout the year."
crooked,/ˈkrʊkɪd/,"비뚤어진, 구부러진",The old picture frame hung crooked on the wall.
deflate,/dɪˈfleɪt/,"(가격, 통화, 경기를) 수축시키다 <경제학 용어>",The central bank's policy helped deflate the overheated economy.
mutate,/ˈmjuːteɪt/,"(새로운 형태로) 변형되다, 변화하다","Viruses can mutate quickly, making vaccines harder to design."
volatile,/ˈvɑːlətəl/,"(사람 또는 사람의 기분, 성격이) 변덕스러운",His volatile temper made his coworkers nervous around him.
eccentric,/ɪkˈsɛntrɪk/,"기이한, 별난",The eccentric professor wore mismatched socks to every lecture.
every dog has his day,,쥐구멍에도 볕 들 날이 있다,Don't lose hope; every dog has his day eventually.
infectious,/ɪnˈfɛkʃəs/,"전염성이 있는, 퍼지기 쉬운",Measles is a highly infectious disease that spreads through the air.
zillion,/ˈzɪljən/,"무수히 많은, 방대한 수의",There were a zillion stars scattered across the desert sky.
tame,/teɪm/,(짐승이) 길들여진,The once wild fox became surprisingly tame after months of care.
browse,/braʊz/,"(가게 안의 물건들을) 둘러보다, 훑어보다",I like to browse through the bookstore on rainy afternoons.
no wonder,,~할 만도 하다,No wonder you're tired; you've been working all night.
freakish,/ˈfriːkɪʃ/,"별스러운, 별난, 기이한",A freakish storm dumped snow on the city in mid-summer.
justification,/ˌdʒʌstɪfɪˈkeɪʃən/,"타당한 이유, 정당한 이유",There is no justification for treating employees so unfairly.
daredevil,/ˈdɛrˌdɛvəl/,"저돌적인 사람, 무모한 사람",The young daredevil jumped off the cliff into the icy river.
anesthetic,/ˌænəsˈθɛtɪk/,마취제,The dentist gave me a local anesthetic before pulling the tooth.
speculation,/ˌspɛkjəˈleɪʃən/,"추측, 어림짐작",There is much speculation about who will lead the company next.
snatch,/snætʃ/,(기회 등을) (~을) 낚아채다 <자동사>,She was quick to snatch at the chance to study abroad.
eviction,/ɪˈvɪkʃən/,"(살던 집이나 땅에서) 쫓아냄, 퇴거, 축출",The family received an eviction notice after failing to pay rent.
prestigious,/prɛˈstɪdʒəs/,"명망 있는, 명망 높은, 일류의",She graduated from a prestigious university with top honors.
endearing,/ɪnˈdɪrɪŋ/,"호감 가는, 마음을 끄는, 사랑스러운",His shy smile was one of his most endearing qualities.
suffocating,/ˈsʌfəkeɪtɪŋ/,"숨이 막히는, 숨을 쉬기가 힘든",The crowded room felt suffocating in the summer heat.
horn in,,"(남의 일에) 끼어들다, 참견하다",Please don't horn in on our private conversation.
impromptu,/ɪmˈprɑːmptuː/,"(사전 준비 없이) 즉흥적으로 한, 즉석에서 한",She gave an impromptu speech that impressed the entire audience.
altar,/ˈɔːltər/,제단,The priest lit the candles on the altar before the ceremony.
prognosis,/prɑːgˈnoʊsɪs/,예후(豫後) <의학 용어. 질병 치료 뒤의 경과 예상>,The doctor gave a hopeful prognosis after reviewing the test results.
taut,/tɔːt/,(밧줄 따위가) 팽팽한,The sailors pulled the rope until it was completely taut.
myriad,/ˈmɪriəd/,"무수, 무수히 많음, 무수히 많은 수 <""a myriad of ~"" 또는 ""myriads of ~""의 형태로 씀>",The night sky revealed a myriad of glittering stars.
give off ~,,"(빛, 열, 냄새 등을) 발하다, 내다",The old engine gives off a strange burning smell.
compost,/ˈkɑːmpoʊst/,"퇴비를 만들다, 두엄을 만들다",We compost our kitchen scraps to enrich the garden soil.
compost,/ˈkɑːmpoʊst/,퇴비를 주다,She likes to compost the flower beds every spring.
backlash,/ˈbæklæʃ/,(사회적 변화 등에 대한 대중의) 반발,The new policy triggered a fierce backlash from local residents.
slur,/slɜːr/,"흐리멍덩하게 말하다, 발음을 불분명하게 하다",He was so tired that he began to slur his words.
slash,/slæʃ/,~ 겸 ~,She works as a writer slash photographer for the magazine.
corny,/ˈkɔːrni/,진부한 <비격식적인 표현>,The movie's ending was so corny that everyone rolled their eyes.
all-you-can-eat,,양껏 먹을 수 있는 <식당에서 먹는 양과 관계없이 고정된 요금을 내는>,We went to an all-you-can-eat buffet and stuffed ourselves silly.
cross ~ out,,(보통 틀린 단어 위에) X자로 줄을 그어 지우다,The teacher told me to cross the wrong answer out neatly.
fascinating,/ˈfæsɪneɪtɪŋ/,"대단히 흥미로운, 매력적인",The documentary about deep-sea creatures was absolutely fascinating.
day in day out,,"(오랫동안) 날이면 날마다, 매일매일",He practices the piano day in day out without ever complaining.
malignant,/məˈlɪgnənt/,"(종양, 질병 등이) 악성의",The biopsy confirmed that the tumor was malignant.
segregate,/ˈsɛgrɪgeɪt/,"분리하다, 차별하다",The old laws used to segregate people by the color of their skin.
composed,/kəmˈpoʊzd/,"침착한, 차분한",She remained composed even when the reporters shouted questions.
blessing in disguise,,전화위복,Losing that job turned out to be a blessing in disguise.
uncoordinated,/ˌʌnkoʊˈɔːrdɪneɪtɪd/,"부드럽게 움직이지 않는, 움직임이 부자연스러운",The toddler's uncoordinated steps made everyone smile.
trial,/ˈtraɪəl/,"재판, 공판",The suspect will stand trial early next month.
miscarriage,/ˈmɪskærɪdʒ/,유산 <임신 12-28주 사이의 경우>,She was devastated after suffering a miscarriage last spring.
foul,/faʊl/,"(말이) 상스러운, 천박한, 저속한, 거친",The referee ejected the player for using foul language.
managerial,/ˌmænɪˈdʒɪriəl/,"경영의, 관리의, 운영의",She was promoted to a managerial position after five years.
intolerant,/ɪnˈtɑːlərənt/,"(~을) 배척하는, 용납하지 않는, (~에 대해) 너그럽지 못한",He is intolerant of anyone who disagrees with his opinions.
intolerant,/ɪnˈtɑːlərənt/,불내증이 있는 <특정 식품이나 물질을 제대로 소화하지 못하는>,Many adults are lactose intolerant and cannot digest milk easily.
chronological,/ˌkrɑːnəˈlɑːdʒɪkəl/,"발생 순서대로 된, 시간 순서로 된, 연대순의",Please arrange these historical events in chronological order.
newspaper route,/ˈnuːzpeɪpər ruːt/,신문 배달,"As a boy, he earned pocket money with a newspaper route."
streak,/striːk/,"(사람의 성격에서 특히 좋지 못한) 구석, 데",Beneath his calm surface lay a stubborn streak.
ammunition,/ˌæmjəˈnɪʃən/,"탄약 <무기에서 발사되는 총알, 미사일 등>",The soldiers were running low on ammunition during the siege.
and the like,,기타 등등,"The store sells pens, notebooks, and the like."
legislation,/ˌlɛdʒɪsˈleɪʃən/,"법률 제정, 입법",New legislation was passed to protect endangered wildlife.
mere,/mɪr/,단지 ~만으로도,The mere thought of spiders makes her shiver.
choke,/tʃoʊk/,(사물이 사람을) 질식시키다,The thick smoke began to choke the trapped firefighters.
infringe,/ɪnˈfrɪndʒ/,"(법규, 계약 등을) ~를 위반하다, 침해하다 <타동사>",Copying that design would infringe the company's patent.
tidy,/ˈtaɪdi/,"정돈하다, 정리하다",Please tidy your room before the guests arrive.
fetching,/ˈfɛtʃɪŋ/,"(특히 사람이나 그의 옷이) 멋진, 아주 매력적인 <비격식>",She looked absolutely fetching in her new red dress.
compulsive,/kəmˈpʌlsɪv/,"(행동이) 상습적인, 강박적인, 조절이 힘든",He is a compulsive liar who cannot stop making things up.
as always,,"늘 그렇듯, 언제나처럼","As always, she arrived exactly ten minutes early."
file for ~,,"~을 신청하다, ~을 제기하다",The couple decided to file for divorce after years of arguing.
honk,/hɑːŋk/,"경적을 울리다, 빵빵대다 <자동사>",Impatient drivers began to honk the moment the light turned green.
insinuate,/ɪnˈsɪnjueɪt/,"에둘러서 말하다, 암시하다, 넌지시 말하다",Are you trying to insinuate that I stole the money?
have an affair,,바람을 피다,He was caught having an affair with his coworker.
transmit,/trænsˈmɪt/,"전도하다, 전달하다, 통과시키다 <전문 용어>",Copper wires transmit electricity very efficiently.
no offense.,,"악의는 없었다, 기분 나빠하지마","No offense, but that haircut really doesn't suit you."
shift,/ʃɪft/,"(견해, 태도, 방식을) 바꾸다 <타동사>",The company had to shift its strategy after the market changed.
tap water,/ˈtæp ˌwɔːtər/,수돗물,"In this city, the tap water is perfectly safe to drink."
cryptocurrency,/ˈkrɪptoʊˌkɜːrənsi/,"암호화폐 <암호화된 디지털 화폐인 비트코인, 이더리움 등>",He invested his savings in cryptocurrency and lost half of it.
hit the nail on the head,,"정곡을 찌르다, 정확히 맞는 말을 하다",You really hit the nail on the head with that observation.
seductive,/sɪˈdʌktɪv/,"마음을 끄는, 유혹적인",The advertisement made an easy fortune sound very seductive.
be all over ~,,"~에게 성화를 부리다, 계속 잔소리하다",My mother is always all over me about cleaning my room.
line,/laɪn/,"(특히 특정한 목적을 갖고 하는) 말, 작업 멘트 <비격식적>",He used a cheesy pickup line that made her laugh out loud.
nimble,/ˈnɪmbəl/,"(동작이) 날렵한, 민첩한, 빠른",The nimble cat leaped effortlessly onto the narrow ledge.
soothing,/ˈsuːðɪŋ/,"진정시켜 주는, 달래는, 위로하는, 누그러뜨리는",The soothing music helped the baby fall asleep quickly.
nonetheless,/ˌnʌnðəˈlɛs/,"그럼에도 불구하고, 그런데도","The task was difficult; nonetheless, she completed it on time."
a ton of,,수없이 많은,There are a ton of reasons why this plan could fail.
creepy,/ˈkriːpi/,"소름 끼치는, 오싹하게 하는, 으스스한",The abandoned house looked creepy in the pale moonlight.
many,/ˈmɛni/,"대부분의 사람들, 일반 대중들 <복수 취급>",Many believe that honesty is the best policy.
in one's favor,,"~에 찬성하여, ~을 지지하여",The final decision was made entirely in his favor.
capital,/ˈkæpɪtəl/,(사업에 필요한 돈이나 기타 재산 등의) 자본,They needed more capital to expand their small business.
room,/ruːm/,"여유, 여지",There's still plenty of room for improvement in your essay.
pull ~ off,,"(힘든 것을) 해내다, 성사시키다","I doubted she could pull the deal off, but she did."
monopolize,/məˈnɑːpəlaɪz/,독점하다,One company tried to monopolize the entire smartphone market.
involuntary,/ɪnˈvɑːlənteri/,"자기도 모르게 하는, 부지불식간의",Blinking is an involuntary reflex we rarely notice.
door,/dɔːr/,"가능성, 길, 기회, 방법, 문호, 관문",This scholarship opened the door to a brighter future.
legacy,/ˈlɛgəsi/,(과거의) 유산,The artist left behind a rich legacy of paintings.
initiate,/ɪˈnɪʃieɪt/,"개시되게 하다, 착수시키다 <격식>",The government plans to initiate a new health program next year.
flourish,/ˈflɜːrɪʃ/,"번영하다, 번창하다",The small café began to flourish after the glowing review.
renowned,/rɪˈnaʊnd/,"유명한, 명성 있는",She is a renowned scientist known for her cancer research.
appoint,/əˈpɔɪnt/,"(직위, 직책 등에) (~에) ~를 임명하다",The board decided to appoint her as the new chairperson.
confess,/kənˈfɛs/,"~을 고백하다, ~을 인정하다 <타동사>",He finally confessed his mistake to his boss.
ignorance is bliss,,모르는 게 약이다,"Sometimes ignorance is bliss, so I don't read the news."
amphitheater,/ˈæmfɪˌθiːətər/,"(실내의) 원형 강의실, 원형 홀",The lecture was held in a large amphitheater full of students.
layoff,/ˈleɪˌɔːf/,정리 해고,The factory announced a major layoff due to falling profits.
subsidiary,/səbˈsɪdieri/,자회사 <모회사의 지배를 받는 회사>,The tech giant acquired a small subsidiary in Europe.
infest,/ɪnˈfɛst/,"(곤충이나 쥐 같은 동물이) 들끓다, 우글거리다",Cockroaches began to infest the neglected kitchen.
eon,/ˈiːɑːn/,이온 <지질학에서 10억 년을 뜻함>,These rocks formed over an eon of geological change.
possibly,/ˈpɑːsəbli/,"도저히, 아무리 해도 <특히 can't, couldn't가 쓰인 부정문에서 씀>",I can't possibly finish all this work by tomorrow.
attribute,/ˈætrɪbjuːt/,"(사람이나 사물의) 특성, 속성, 자질",Patience is her most valuable attribute as a teacher.
attribute,/əˈtrɪbjuːt/,"~을 ~의 결과로 보다, 덕분으로 보다",She attributes her success to years of hard work.
as for ~,,~에 대해서 말하자면,"As for the budget, we can discuss that tomorrow."
same-day,/ˈseɪm ˌdeɪ/,"(배송, 업무 처리 등이) 당일의",The store offers same-day delivery within the city.
compete,/kəmˈpiːt/,"(시합, 경기 등에) 참가하다",She trained hard to compete in the national championship.
complaint,/kəmˈpleɪnt/,"항의, 불평",The customer filed a formal complaint about the poor service.
handful,/ˈhændfʊl/,몇 안 되는 수,Only a handful of people showed up to the meeting.
stream,/striːm/,"개울, 시내",We cooled our feet in the clear mountain stream.
mocking,/ˈmɑːkɪŋ/,"비웃는, 조롱하는, 조소하는 듯한",She gave him a mocking smile after his silly remark.
apocalypse,/əˈpɑːkəlɪps/,"종말, 대재앙, 파멸, 대참사",The film depicts a bleak apocalypse caused by nuclear war.
rejuvenate,/rɪˈdʒuːvəneɪt/,"다시 젊어 보이게 하다, 활기를 되찾게 하다",A short vacation can rejuvenate a tired mind.
decency,/ˈdiːsənsi/,"예의, 정중함, 진실됨 <대부분 영한사전에 ""체면, 품위""라고 나옴>",At least he had the decency to apologize afterward.
reusable,/riˈjuːzəbəl/,재사용할 수 있는,She carries a reusable bottle to reduce plastic waste.
wish ~ luck,,~의 행운을 빌다,I wished her luck before the big interview.
contemplation,/ˌkɑːntəmˈpleɪʃən/,"사색, 명상",He sat by the lake in quiet contemplation for hours.
lesion,/ˈliːʒən/,"병변, 병소",The doctor examined the lesion on the patient's skin.
smudge,/smʌdʒ/,"(사물의 표면에 뭔가 묻은) 자국, 얼룩",There was a greasy smudge on the camera lens.
precarious,/prɪˈkɛriəs/,"(상황이) 불안정한, 위태로운",The company's finances are in a precarious state right now.
remembrance,/rɪˈmɛmbrəns/,"추억, 기억",They planted a tree in remembrance of their late friend.
assertiveness,/əˈsɜːrtɪvnəs/,자기주장이 강함,Her assertiveness helped her win the negotiation.
hook ~ up,,~에게 (~을) 구해주다 <상대에게 가치 있는 것을 자신이 가진 인맥이나 자원으로 구해준다는 뜻>,My friend can hook you up with a great mechanic.
off of ~,,~에서,She grabbed the book off of the top shelf.
spectator,/ˈspɛkteɪtər/,(스포츠 경기 등의) 관중,Every spectator jumped up when the home team scored.
a penny for your thoughts,,무슨 생각을 하고 있나 <생각에 잠긴 사람에게 하는 질문>,You've been quiet all evening. A penny for your thoughts?
feminine,/ˈfɛmənɪn/,여성형 단어 <문법 용어>,"In French, the word for table is feminine."
proof,/pruːf/,시험 인화 <사진 확인 및 선택을 위해 시험 삼아 인화한 것>,The photographer showed us the proofs before printing the album.
tricky,/ˈtrɪki/,"(하기, 다루기) 힘든, 까다로운, 곤란한",Parallel parking can be quite tricky for new drivers.
chuckle,/ˈtʃʌkəl/,"킬킬 웃다, 낄낄대다, 키득대다",He couldn't help but chuckle at the silly joke.
commemorate,/kəˈmɛməreɪt/,"(중요 인물, 사건을) 기념하다",The monument was built to commemorate the fallen soldiers.
fuzz,/fʌz/,"솜털, 잔털, 보풀",The peach was covered in a soft layer of fuzz.
deputy,/ˈdɛpjəti/,"부~, 대리",The deputy manager handled the meeting in her boss's absence.
wobble,/ˈwɑːbəl/,"(불안정하게) 흔들리다, 떨리다",The old table began to wobble whenever we leaned on it.
unambiguously,/ˌʌnæmˈbɪgjuəsli/,명백하게,The instructions stated unambiguously that no refunds were allowed.
litter,/ˈlɪtər/,"(물건들이 장소를) 어지럽히다, 어수선하게 하다",Empty cans and papers littered the entire park.
patch things up,,(~와) 화해하다,"After the argument, they finally managed to patch things up."
scorn,/skɔːrn/,"경멸, 멸시",She looked at the cheating student with utter scorn.
fertilizer,/ˈfɜːrtɪlaɪzər/,비료,The farmer spread fertilizer across the field before planting.
sensible,/ˈsɛnsəbəl/,"분별 있는, 분별력 있는, 합리적인",Wearing sensible shoes for a long hike is a wise choice.
grasp,/græsp/,"완전히 이해하다, 파악하다",It took me a while to grasp the complex theory.
get canned,,해고되다,He got canned after showing up late too many times.
mess around with ~,,"~을 만지작거리다, ~을 함부로 손대다",Don't mess around with the wiring unless you know what you're doing.
somber,/ˈsɑːmbər/,침울한,The funeral had a somber and quiet atmosphere.
barrage,/bəˈrɑːʒ/,(질문 등의) 세례,The reporters unleashed a barrage of questions at the mayor.
fissure,/ˈfɪʃər/,"(암석, 지면 등의) 길게 갈라진 틈, 균열",A deep fissure opened in the ground after the earthquake.
up for ~,,"해 볼 마음이 있는, 생각이 있는",Are you up for a hike this weekend?
thrive,/θraɪv/,"번창하다, 번영하다, 번성하다",Small businesses can thrive when the local economy is strong.
intriguing,/ɪnˈtriːgɪŋ/,아주 흥미로운 <이상하거나 호기심을 자극한다는 뜻>,The scientist made an intriguing discovery about deep-sea life.
oversee,/ˌoʊvərˈsiː/,"(작업, 활동이 제대로 이뤄지는지) 감독하다",She was hired to oversee the entire construction project.
to name a few,,몇 가지만 예를 들자면,"The city has museums, parks, and theaters, to name a few."
substantiate,/səbˈstænʃieɪt/,입증하다,He couldn't substantiate his claims with any real evidence.
give in,,(~에게) 항복하다,"After hours of pleading, the negotiators refused to give in."
crawl,/krɔːl/,"(엎드린 자세로) 기다, 기어가다",The baby learned to crawl across the living room floor.
clench,/klɛntʃ/,(주먹을) 꽉 쥐다,He began to clench his fists in anger.
bachelor's degree,/ˈbætʃələrz dɪˌgriː/,학사 학위,She earned a bachelor's degree in economics last year.
hammock,/ˈhæmək/,"해먹 <나무 등에 달아매는 그물, 천 등으로 된 침대>",He dozed off in a hammock between two palm trees.
Haste makes waste,,"서두르면 일을 그르친다, 급히 먹는 밥이 체한다, 급할수록 돌아가라",Take your time with the report; haste makes waste.
flustered,/ˈflʌstərd/,"허둥대는, 갈팡질팡하는",She got flustered when the interviewer asked an unexpected question.
flop,/flɑp/,"완전히 실패하다, 대실패 하다",The movie was a huge flop at the box office.
loneliness,/ˈloʊnlinəs/,"고독, 외로움","Living alone, she often struggled with deep loneliness."
deportation,/ˌdiˌpɔrˈteɪʃən/,"(보통 범법자, 불법 체류자의) 강제 추방",The immigrant faced deportation after his visa expired.
solitude,/ˈsɑləˌtud/,"혼자인 상태, 혼자 살기, 고독",He enjoyed the peace and solitude of the mountains.
mint condition,/mɪnt kənˈdɪʃən/,"완벽한 상태, 민트급 <특히 수집품, 골동품 등이 마치 갓 만들어진 것처럼 아주 좋은 상태>",This vintage comic book is still in mint condition.
tickle,/ˈtɪkəl/,(약간 불편하게) 간질간질하다,The wool sweater made my neck tickle all day.
modify,/ˈmɑdəˌfaɪ/,"수식하다, 한정하다 <문법 용어>",Adjectives usually modify nouns in an English sentence.
ruminate,/ˈruməˌneɪt/,"심사숙고하다, 곰곰이 생각하다",She likes to ruminate on big decisions before acting.
swanky,/ˈswæŋki/,호화로운,They celebrated at a swanky restaurant downtown.
arsenal,/ˈɑrsənəl/,"무기 공장, 무기고",The old arsenal stored weapons for the entire region.
breed,/brid/,"~을 야기하다, ~을 불러오다, ~의 원인이 되다",Poverty can breed crime in neglected neighborhoods.
stereotype,/ˈstɛriəˌtaɪp/,"고정 관념을 형성하다, 정형화하다",It is unfair to stereotype people based on their accent.
stereotype,/ˈstɛriəˌtaɪp/,"고정 관념, 정형화된 이미지",That movie relies on a tired stereotype of scientists.
fishy,/ˈfɪʃi/,"수상한, 수상쩍은 <비격식적인 표현>",Something about his story sounded really fishy to me.
strive,/straɪv/,"있는 힘을 다하여 노력하다, 분투하다",We must strive to improve a little every single day.
immune system,/ɪˈmjun ˈsɪstəm/,면역 체계,Vitamin C helps strengthen your immune system.
indispensable,/ˌɪndɪˈspɛnsəbəl/,"없어서는 안 될, 필수적인",Her advice proved indispensable during the crisis.
repel,/rɪˈpɛl/,"(자석, 전극 등이) 밀어내다 <전문 용어>",Two magnets with the same pole repel each other.
commence,/kəˈmɛns/,~을 시작하다,The ceremony will commence at exactly noon tomorrow.
stuffed,/stʌft/,"잔뜩 먹은, 포식을 한, 배가 너무 부른","After the huge dinner, I felt completely stuffed."
deficit,/ˈdɛfəsɪt/,적자 <경제 용어>,The government is trying to reduce the budget deficit.
flatten,/ˈflætən/,"파괴하다, 짜부라뜨리다",The tornado could flatten every house in its path.
come along,,"도착하다, 생기다, 나타나다",A better job opportunity may come along soon.
reserve,/rɪˈzɜrv/,"따로 잡아 두다, 남겨 두다, 따로 지정하다",I will reserve two seats for us at the concert.
impeach,/ɪmˈpitʃ/,(공무원 등을) 탄핵하다,Congress voted to impeach the corrupt official.
blast off,,"(지상에서) 솟아오르다, 발사되다",The rocket will blast off at dawn tomorrow.
hide out,,(자신을 찾으려는 사람을 피해서) 숨다,The thieves tried to hide out in an abandoned barn.
hypocritical,/ˌhɪpəˈkrɪtɪkəl/,"위선적인, 위선의, 위선자인",It is hypocritical to preach honesty while lying constantly.
plug,/plʌg/,"(구멍을 마개 같은 것으로) 막다, 틀어막다",He used a cork to plug the hole in the barrel.
lettuce,/ˈlɛtəs/,"양상추, 상추",Add some crisp lettuce to make the sandwich fresh.
deport,/dɪˈpɔrt/,강제 추방하다,Authorities decided to deport him back to his country.
meteorology,/ˌmitiəˈrɑlədʒi/,기상학,She studied meteorology to become a weather forecaster.
stab ~ in the back,,"~의 등에 칼을 꽂다, ~의 뒤통수를 치다, ~를 배신하다","I trusted him, but he stabbed me in the back."
truce,/trus/,휴전,The two sides finally agreed to a temporary truce.
quandary,/ˈkwɑndəri/,진퇴양난,She was in a real quandary about which offer to accept.
disconcert,/ˌdɪskənˈsɜrt/,"불안하게 만들다, 당황스럽게 만들다",His sudden questions can disconcert even calm speakers.
irritate,/ˈɪrəˌteɪt/,"짜증 나게 하다, 거슬리게 하다",The constant noise began to irritate everyone in the office.
in dispute,,"논쟁 중인, 의견 일치가 되지 않은",The ownership of the land is still in dispute.
indecision,/ˌɪndɪˈsɪʒən/,(결정을 못 내리고) 망설임,His endless indecision cost the team a great opportunity.
aroma,/əˈroʊmə/,"(기분 좋은) 향기, 방향",The aroma of fresh coffee filled the whole kitchen.
needy,/ˈnidi/,"애정을 과도하게 요구하는, 너무 매달리는, 애정에 굶주린",He became clingy and needy after the breakup.
untucked,/ˌʌnˈtʌkt/,(셔츠를 바지 속으로) 집어 넣지 않은,He wore his shirt untucked with faded jeans.
condone,/kənˈdoʊn/,용납하다,The school will not condone any form of cheating.
overbuild,/ˌoʊvərˈbɪld/,~을 너무 사치스럽게 짓다,Developers tend to overbuild luxury homes in that area.
futile,/ˈfjutəl/,"헛된, 소용없는",All their efforts to save the building were futile.
just so you know,,"그냥 참고로 말하는데, 혹시나 해서 그러는데","Just so you know, the meeting was moved to Friday."
dis,/dɪs/,경멸하다,Do not dis my friends in front of everyone.
fluke,/fluk/,"요행수, 요행","Winning the lottery was a total fluke, nothing more."
fund-raising,/ˈfʌndˌreɪzɪŋ/,"모금, 기금 모금, 자금 조달",The charity organized a fund-raising dinner last night.
sprinkle,/ˈsprɪŋkəl/,뿌리다,Sprinkle some sugar over the warm pancakes.
reddish,/ˈrɛdɪʃ/,"발그레한, 불그스름한",The evening sky turned a soft reddish color.
couture,/kuˈtʊr/,"유명 디자이너 제품, 고급 여성복 <프랑스어에서 유래>",She wore a stunning couture gown to the gala.
villain,/ˈvɪlən/,"악당, 악한, 악인",Every great story needs a memorable villain.
mercurial,/mərˈkjʊriəl/,변덕스러운,His mercurial moods made him hard to work with.
waterworks,/ˈwɔtərˌwɜrks/,눈물,She turned on the waterworks to win their sympathy.
think ~ over,,(특히 결정을 내리기 전에) ~을 심사숙고하다,Take your time and think the offer over carefully.
congressional,/kənˈgrɛʃənəl/,의회의,The scandal triggered a congressional investigation.
commit,/kəˈmɪt/,"(일, 활동 등에) (~에) 전념하다, 헌신하다",She decided to commit fully to her new career.
commit,/kəˈmɪt/,(~을 하기로) 확실하게 약속하다 <주로 수동태나 재귀 용법으로 씀>,He committed to finishing the project by Friday.
punctual,/ˈpʌŋktʃuəl/,"시간을 지키는, 시간을 엄수하는",She is always punctual and never misses a meeting.
crumble,/ˈkrʌmbəl/,"(건물이나 땅이) 허물어지다, 무너지다",The ancient walls began to crumble after the earthquake.
freakishly,/ˈfrikɪʃli/,이상할 정도로 대단히,He is freakishly tall for his age.
parable,/ˈpɛrəbəl/,우화 <도덕적 또는 영적 교훈을 주는 짧은 이야기>,The teacher told a parable about kindness and greed.
nothing short of ~,,"거의 ~이나 다름없는, ~라고 해도 과언이 아닌",Her recovery was nothing short of a miracle.
reassurance,/ˌriəˈʃʊrəns/,안심시키기 <셀 수 없는 명사>,The nervous patient needed constant reassurance.
flock,/flɑk/,"모이다, 떼 지어 가다, 떼 지어 오다",Tourists flock to the beach every summer.
suck up,,"(~에게) 아부하다, 알랑거리다",He always tries to suck up to the boss.
happen to,,(의문문이나 조건문에서 쓰여) 혹시,Do you happen to know where the station is?
hands down,,"명백히, 확실히, 말할 것도 없이",She is hands down the best player on the team.
bliss,/blɪs/,더없는 행복,Lying on the warm beach felt like pure bliss.
itinerary,/aɪˈtɪnəˌrɛri/,여행 일정표,Our travel itinerary includes three cities in five days.
tank,/tæŋk/,"(스포츠 경기 등을) 일부러 지다, 포기하다",The boxer was accused of trying to tank the fight.
enlarge,/ɛnˈlɑrdʒ/,"(사진, 문서 등을) 확대하다 <주로 수동태로 씀>",Can you enlarge this photo so we can see the faces?
sabotage,/ˈsæbəˌtɑʒ/,(고의적으로) 방해하다,A jealous rival tried to sabotage the entire project.
displease,/dɪsˈpliz/,"불쾌하게 만들다, 불만스럽게 만들다 <격식 있는 표현>",His rude remarks displease nearly everyone present.
meditative,/ˈmɛdəˌteɪtɪv/,"깊은 생각에 잠긴, 명상적인 <격식>","She sat in a quiet, meditative mood by the lake."
hatchet,/ˈhætʃɪt/,(한 손으로 잡을 수 있는 작은) 손도끼,He used a small hatchet to chop the kindling.
embed,/ɛmˈbɛd/,"(종군 기자, 사진 기자 등을) 파견하다",The army decided to embed reporters with the troops.
atone,/əˈtoʊn/,속죄하다 <격식>,He worked hard to atone for his past mistakes.
rut,/rʌt/,틀에 박힌 생활,"After years in the same job, he felt stuck in a rut."
standing ovation,/ˈstændɪŋ oʊˈveɪʃən/,기립박수,The moving performance earned a long standing ovation.
binge drinking,/ˈbɪndʒ ˌdrɪŋkɪŋ/,폭음,Binge drinking is a serious problem on many campuses.
demote,/dɪˈmoʊt/,"~의 계급을 떨어뜨리다, 강등시키다",The manager threatened to demote him for poor performance.
fume,/fjum/,(화가 나서) 씩씩대다,She sat there fuming after the unfair decision.
recoil,/rɪˈkɔɪl/,움츠러들다,She recoiled in horror at the gruesome sight.
school,/skul/,"깔아뭉개다, 패배시키다 <특히 상대방에게 굴욕감을 주는 방식으로>",He totally schooled his opponent in the debate.
territorial,/ˌtɛrɪˈtɔriəl/,"텃세를 부리는, 세력권을 주장하는",Dogs can be very territorial about their own yard.
club soda,/ˈklʌb ˈsoʊdə/,탄산수,She ordered a club soda with a slice of lime.
preoccupation,/priˌɑkjəˈpeɪʃən/,"(~에) 사로잡힘, 집착, 심취, 몰두",His preoccupation with money worried his close friends.
inheritance,/ɪnˈhɛrətəns/,"유산, 유전, 유전되는 것",She used her inheritance to buy a small house.
come at a price,,대가가 따르다,Fame often comes at a price you do not expect.
monument,/ˈmɑnjəmənt/,"기념비적인 건축물, 역사적인 건축물",The cathedral is a monument to medieval craftsmanship.
hustler,/ˈhʌslər/,사기꾼,The street hustler tricked tourists out of their money.
bug,/bʌg/,괴롭히다 <비격식>,Stop bugging me while I am trying to work.
enroll,/ɛnˈroʊl/,"(강좌, 학교 등에) (~에) 등록하다",She decided to enroll in a night cooking class.
vanquish,/ˈvæŋkwɪʃ/,"(경쟁, 전쟁 등에서) 완파하다, 완패시키다 <문어체>",The hero vowed to vanquish his enemies once and for all.
hiccup,/ˈhɪkəp/,딸꾹질,A sudden hiccup interrupted her in the middle of speaking.
defy,/dɪˈfaɪ/,"반항하다, 저항하다, 거역하다",The rebellious teen continued to defy his parents.
jiggle,/ˈdʒɪgəl/,"(위아래, 양옆으로 빠르게) 흔들다",You have to jiggle the key to open that old lock.
floss,/flɔs/,치실질을 하다,The dentist reminded me to floss every single night.
sexual harassment,/ˈsɛkʃuəl həˈræsmənt/,성희롱,The company has a strict policy against sexual harassment.
dreamboat,/ˈdrimˌboʊt/,"매력 넘치는 사람, 매력적인 사람 <비격식적인 구식 표현>","Back in school, everyone thought he was a real dreamboat."
stand up for ~,,~을 옹호하다,You should always stand up for your own beliefs.
favor,/ˈfeɪvər/,"(계획, 방식, 체제 등을) 선호하다",Most voters favor the new environmental plan.
bottom line,/ˈbɑtəm ˈlaɪn/,"핵심, 요점",The bottom line is that we simply need more time.
visionary,/ˈvɪʒəˌnɛri/,"선견지명이 있는, 예지력 있는 <호감>",She was a visionary leader far ahead of her time.
distinguished,/dɪˈstɪŋgwɪʃt/,"저명한, 성공한, 고명한",He is a distinguished professor of ancient history.
beehive,/ˈbiˌhaɪv/,벌집,The children watched bees swarm around the beehive.
over the course of ~,,(기간 또는 활동을 하는) ~동안,She changed a lot over the course of the year.
sure,/ʃʊr/,분명히 ~할,That reckless plan is sure to cause serious trouble.
fundamental,/ˌfʌndəˈmɛntəl/,"핵심적인, 필수적인",Trust is a fundamental part of any real friendship.
altogether,/ˌɔltəˈgɛðər/,"완전히, 전적으로",The trip was altogether more expensive than expected.
suggest,/səgˈdʒɛst/,"(사물을 주어로) 시사하다, 암시하다",The evidence suggests that the theory is correct.
suggest,/səgˈdʒɛst/,"(사람을 주어로) 넌지시 말하다, 비치다 <간접적으로 뜻을 나타냄>",Are you suggesting that I made a mistake?
as of,,"~현재로, ~부로","As of today, the new rules are in effect."
blow,/bloʊ/,"(좋은 기회를 실수해서) 망치다, 날려버리다",Do not blow this rare chance to impress them.
perk,/pɜrk/,"특전, 혜택, 복지 <사내 시설, 법인 차량 등 주로 근무조건과 관련된 것>",Free gym membership is a nice perk of this job.
placid,/ˈplæsɪd/,"차분한, 얌전한",The lake was calm and placid at sunrise.
whine,/waɪn/,"징징대다, 우는 소리를 하다",The tired kids began to whine about being bored.
commencement,/kəˈmɛnsmənt/,"학위 수여식, 졸업식",She gave the commencement speech at her old college.
withdraw,/wɪðˈdrɔ/,(계좌에서 돈을) 인출하다,I need to withdraw some cash from the bank.
cop,/kɑp/,"(~을) 인정하다, 시인하다",He finally copped to breaking the kitchen window.
stark,/stɑrk/,"완전한, 순전한",The report was a stark reminder of the danger.
deplore,/dɪˈplɔr/,"개탄하다, 개탄스럽게 생각하다 <격식>",Many citizens deplore the rising level of violence.
ambush,/ˈæmbʊʃ/,"매복, 매복 공격",The soldiers were caught in a deadly ambush.
reinforcement,/ˌriɪnˈfɔrsmənt/,"(군대, 경찰 등의) 증원 부대, 지원군 (복수형으로 씀)",The troops called for reinforcements at dawn.
reinforcement,/ˌriɪnˈfɔrsmənt/,"보강, 강화",The old bridge needed extra reinforcement to hold the weight.
fella,/ˈfɛlə/,남자 <친구를 부르는 호칭으로 쓰기도 함>,He is a friendly fella who always helps his neighbors.
stock,/stɑk/,"(특정한 가문, 계급, 민족 등의) 후손, 혈통 <문어체. 구식 표현>",She comes from good farming stock in the countryside.
protagonist,/proʊˈtægənɪst/,"(연극, 영화, 책 속의) 주인공",The protagonist of the novel is a young orphan.
gobble ~ down,,~을 게걸스럽게 먹어치우다,The hungry kids gobbled down their lunch in minutes.
penchant,/ˈpɛntʃənt/,"(~에 대한) 애호, 강한 선호, (~하는) 경향 <어떤 것을 아주 좋아하는 것>",She has a penchant for expensive Italian shoes.
turn out,,"되다, 되어 가다",Everything will turn out fine in the end.
can not help but,,~하지 않을 수 없다,I can not help but admire her quiet courage.
pitchy,/ˈpɪtʃi/,음정이 살짝 틀린,His singing was a little pitchy during the chorus.
aspiration,/ˌæspəˈreɪʃən/,"열망, 포부, 염원",Her greatest aspiration is to become a surgeon.
conserve,/kənˈsɜrv/,"보호하다, 보존하다",We must conserve water during the long dry season.
produce,/ˈproʊdus/,"농산물 <채소, 과일 등 농업 생산물과 자연에서 얻은 산물을 이름>",The market sells fresh produce from local farms.
act,/ækt/,(국회를 통과한) 법률,Congress passed the new health care act last month.
virtual,/ˈvɜrtʃuəl/,"사실상의, 거의 ~과 다름없는",The election was a virtual certainty from the very start.
show ~ off,,~을 자랑하다,He loves to show off his new sports car.
passionate,/ˈpæʃənət/,"열정적인, 열렬한",She is passionate about protecting the environment.
iconic,/aɪˈkɑnɪk/,"~의 상징이 되는, 우상의",The Eiffel Tower is an iconic symbol of Paris.
blow one's mind,,"놀라게 하다, 충격을 주다",The amazing magic show completely blew my mind.
stinker,/ˈstɪŋkər/,"말썽꾸러기, 골칫덩어리 <말썽꾸러기 어린아이를 애정 어리게 이르는 말>",That little stinker hid my keys again.
excursion,/ɪkˈskɜrʒən/,(보통 단체로 짧게 하는) 여행,The class went on a day excursion to the museum.
soak ~ up,,"~을 빨아들이다, 흡수하다",She sat on the beach to soak up the warm sunshine.
superstitious,/ˌsupərˈstɪʃəs/,"미신을 믿는, 미신적인",He is superstitious and never walks under ladders.
patron,/ˈpeɪtrən/,"(특정 상점, 식당 등의) 고객 <격식>",The restaurant treats every patron with great care.
abortion,/əˈbɔrʃən/,"낙태, 임신중절, 임신중절수술",The debate over abortion remains deeply divisive.
lyricist,/ˈlɪrəsɪst/,작사가,The famous lyricist wrote songs for many big stars.
come out with ~,,"~을 내놓다, 공개하다, 출간하다",The band will come out with a new album soon.
get the better of ~,,"~로서는 주체하지 못할 정도가 되다, ~로서는 감당하지 못하다",His curiosity got the better of him in the end.
flat,/flæt/,아파트 <영국식 표현>,They rented a small flat in central London.
after all,,"따지고 보면, 어쨌든, 결국 <설명, 이유를 덧붙일 때 씀>",You were right after all about the bad weather.
voter fraud,/ˈvoʊtər frɔd/,부정 선거,There was no evidence of voter fraud in the election.
alleged,/əˈlɛdʒd/,"(증거 없이) 주장된, 제기된",The alleged thief was released for lack of proof.
rebellious,/rɪˈbɛljəs/,"(규칙, 일반 통념 등에 대해) 반항적인","As a teenager, she was wild and rebellious."
dawn on ~,,"~에게 분명해지다, ~이 깨닫게 되다",It finally dawned on me that he was joking.
round out,,"완성하다, 마무르다",A great dessert helped round out the meal nicely.
plunge,/plʌndʒ/,"뛰어들다, 돌입하다, 갑자기 하기 시작하다",The company plunged into a risky new venture.
plunge,/plʌndʒ/,"(빠르고 힘차게) 뛰어들다, 몸을 던지다",He plunged into the icy river to save the dog.
rattle,/ˈrætəl/,덜그럭거리다 <자동사>,The old windows rattle whenever a truck passes.
legitimate,/lɪˈdʒɪtəmət/,"합법적인, 적법한",She had a legitimate reason for missing the exam.
evade,/ɪˈveɪd/,"(생각, 기억 등이) 떠오르지 않다 <격식 있는 표현>",His name evades me at the moment.
who be ~ to ~,,"~가 뭔데 ~를 해?, ~가 무슨 권리로 ~를 해?",Who are you to tell me how to live?
snuggle,/ˈsnʌgəl/,"~을 껴안다, 끌어안다",The child loves to snuggle her teddy bear at night.
heir,/ɛr/,"계승자, 상속인, 후계자",He is the rightful heir to the family fortune.
ample,/ˈæmpəl/,"(남을 정도로) 충분한, 풍부한",There is ample room for everyone in the hall.
fling,/flɪŋ/,"(특히 화가 나서 거칠게) 내던지다, 내팽개치다","In anger, she flung the book across the room."
fond,/fɑnd/,"(물건이나 취미 등을) 좋아하는, 즐기는",He is very fond of old jazz records.
rage,/reɪdʒ/,"격렬한 분노, 격노",He could barely control his rage after the insult.
incoherent,/ˌɪnkoʊˈhɪrənt/,"제대로 말을 못 하는, 앞뒤가 안 맞는 말을 하는",He was so drunk that he became completely incoherent.
weed,/wid/,잡초를 뽑다,She spent the morning weeding the vegetable garden.
stupidity,/stuˈpɪdəti/,"어리석음, 우둔함",His stupidity nearly got them all into trouble.
inescapable,/ˌɪnɪˈskeɪpəbəl/,"피할 수 없는, 무시할 수 없는, 벗어날 수 없는",The conclusion was clear and utterly inescapable.
misfire,/ˌmɪsˈfaɪr/,"(계획, 농담 등이) 실패하다 <의도한 결과를 얻지 못하고 어긋나다>",The joke misfired and no one even smiled.
fatality,/feɪˈtæləti/,"(재난, 질병 등으로 인한) 사망자",The crash resulted in one fatality and several injuries.
rehearsal,/rɪˈhɜrsəl/,"리허설, 예행연습",The band had a final rehearsal before the concert.
cuddle,/ˈkʌdəl/,"(누워서, 특히 긴 시간 동안) 껴안다",They love to cuddle on the couch during movies.
assert,/əˈsɜrt/,(단호하게) 자기주장을 하다,She learned to assert herself in tough meetings.
rank,/ræŋk/,"(특정 단체, 조직의) 구성원, 회원",He rose quickly through the ranks of the party.
talking head,/ˈtɔkɪŋ hɛd/,"TV에 얼굴 내놓고 말하는 사람 <아나운서, 토론 참석자 등>",The talking heads on the news argued all evening.
open the floor,,"발언권을 부여하다, 질문을 받다",The chairman will now open the floor for questions.
expedition,/ˌɛkspəˈdɪʃən/,"원정대, 탐험대",The expedition set out to explore the frozen north.
outlet,/ˈaʊtlɛt/,콘센트 <주로 미국에서 쓰는 표현>,Plug the lamp into the outlet by the door.
dodge,/dɑdʒ/,(몸을) 잽싸게 피하다,He managed to dodge the flying ball just in time.
scale,/skeɪl/,비늘,A fish's body is covered with shiny scales.
taunt,/tɔnt/,"놀리다, 비웃다, 조롱하다",The bullies would taunt him about his old shoes.
blemish,/ˈblɛmɪʃ/,"(피부나 사물의 표면에 있는) 흠, 잡티",She covered the small blemish on her cheek with makeup.
momentous,/moʊˈmɛntəs/,중대한,The signing of the treaty was a momentous occasion.
walk all over ~,,~를 함부로 대하다,Do not let your coworkers walk all over you.
ill will,/ˈɪl ˈwɪl/,(남에 대한) 악감정,She bears no ill will toward her old rival.
allegiance,/əˈlidʒəns/,"(정당, 종교, 통치자 등에 대한) 충성, 헌신",The soldiers swore allegiance to their new king.
transaction,/trænˈzækʃən/,"거래, 매매",The bank recorded every transaction on the account.
aggravate,/ˈægrəˌveɪt/,"~를 짜증나게 만들다, 화나게 하다",His constant complaining began to aggravate me.
caption,/ˈkæpʃən/,"캡션을 쓰다, 설명을 달다, 해설을 붙이다",She captioned the photo with a funny remark.
loom,/lum/,"흐릿하게 보이다, 어렴풋이 나타나다",A dark figure loomed in the misty doorway.
pragmatist,/ˈprægmətɪst/,"실용주의자, 실익주의자, 실무가","As a pragmatist, she focused on practical solutions."
staycation,/steɪˈkeɪʃən/,스테이케이션 <집이나 집 근처에서 보내는 휴가>,We saved money by taking a relaxing staycation.
derogate,/ˈdɛrəˌɡeɪt/,~을 폄하하다 <격식 있는 표현>,Critics often derogate his early work as shallow and unoriginal.
kinship,/ˈkɪnʃɪp/,"친밀함, 친밀감, 연대감, 동류의식",She felt a deep kinship with the other volunteers at the shelter.
rebuke,/rɪˈbjuk/,비난,The manager issued a stern rebuke to the late employee.
drudgery,/ˈdrʌdʒəri/,따분하고 고된 일,He longed to escape the daily drudgery of factory work.
growl,/ɡraʊl/,"(동물, 특히 개가) 으르렁거리다",The dog began to growl as the stranger approached the gate.
plump,/plʌmp/,"통통한, 포동포동한, 토실토실한",The baby had plump little cheeks that everyone wanted to pinch.
damp,/dæmp/,"(흔히 불쾌감을 줄 정도로) 축축한, 눅눅한",The basement felt cold and damp after the heavy rain.
ignite,/ɪɡˈnaɪt/,"불이 붙다, 점화되다",A single spark can ignite the dry grass in seconds.
pitch,/pɪtʃ/,"권유, 주장, 홍보",Her sales pitch convinced the investors to fund the startup.
replica,/ˈrɛplɪkə/,"(실물을 모방하여 만든) 복제품, 모형(模型)",The museum displays a perfect replica of the ancient statue.
go nuts,,미치다,The kids will go nuts when they see the new playground.
breathtakingly,/ˈbrɛθˌteɪkɪŋli/,(너무 아름답거나 놀라워서) 숨 막힐 정도로,The view from the summit was breathtakingly beautiful at sunrise.
exaggerate,/ɪɡˈzædʒəˌreɪt/,과장하다,He tends to exaggerate his achievements when talking to strangers.
violate,/ˈvaɪəˌleɪt/,"(법, 합의 등을) 위반하다, 어기다 <격식>",Anyone who violates the contract will face legal consequences.
cliché,/kliˈʃeɪ/,"진부한 것, 진부한 사람 <이전에 자주 보았던 것이어서 진부하게 느껴지는 표현>",Saying love conquers all has become a tired cliché.
vomiting,/ˈvɑmɪtɪŋ/,"구토, 토하기",The patient reported nausea and vomiting after eating the seafood.
diarrhea,/ˌdaɪəˈriə/,설사 <대변이 비정상적으로 묽은 것>,The child suffered from diarrhea for two days after the trip.
tranquility,/træŋˈkwɪləti/,평온,She found perfect tranquility while meditating by the quiet lake.
substance abuse,/ˈsʌbstəns əˌbjus/,약물 남용 <알코올 남용도 포함>,The clinic offers counseling for people struggling with substance abuse.
asylum,/əˈsaɪləm/,망명,The refugees sought asylum in a neighboring country.
cliff,/klɪf/,(흔히 바닷가) 절벽,The hikers stood near the edge of the steep cliff.
gratitude,/ˈɡrætɪˌtud/,"고마움, 감사, 사의",She expressed her gratitude to everyone who supported her recovery.
sneer,/snɪr/,"비웃듯이 말하다, 조롱하듯이 말하다",He would always sneer at ideas he considered beneath him.
on the flip side,,"반면에, 다른 한편으로는","The job pays well; on the flip side, the hours are brutal."
even-tempered,/ˈivən ˈtɛmpərd/,"(성격이) 침착한, 차분한",Our teacher stayed even-tempered even when the students misbehaved.
amicable,/ˈæmɪkəbəl/,"(싸움 같은 것을 하지 않고) 원만한, 우호적인",The former partners reached an amicable settlement after the divorce.
ring ~ up,,"~가 내야 할 금액을 금전 등록기에 입력하다, 계산하다",The cashier will ring up your groceries in a moment.
goody-two-shoes,/ˈɡʊdi tu ˌʃuz/,"범생이, 도덕군자인 척하는 사람 <극도로 도덕적이고 모범적으로 행동하는 사람>",Everyone teased her for being a goody-two-shoes who never broke rules.
what is more,,"한술 더 떠서, 더욱이, 게다가","The plan is expensive, and what is more, it might fail."
reason,/ˈrizən/,"근거, 이유 <셀 수 없는 명사>",There is no reason to panic about the minor delay.
arena,/əˈrinə/,"(원형) 경기장, 공연장",Thousands of fans packed the arena for the championship game.
tinkle,/ˈtɪŋkəl/,"쉬하다, 오줌 누다",The toddler said he needed to tinkle before the long car ride.
shrine,/ʃraɪn/,"(비유적으로) 성지 같은 곳, 성지",Fans turned his childhood home into a shrine after his death.
dexterous,/ˈdɛkstərəs/,"손재주가 있는, 솜씨 좋은",The surgeon's dexterous hands moved swiftly during the delicate operation.
opinionated,/əˈpɪnjəˌneɪtɪd/,"자기주장이 강한, 자기 의견을 고집하는, 독선적인",My uncle is so opinionated that he argues about everything at dinner.
take one's mind off ~,,~을 잠깐 잊게 해 주다,A good movie can take your mind off your worries.
child abuse,/tʃaɪld əˌbjus/,아동 학대,The teacher reported suspected child abuse to the authorities immediately.
inherently,/ɪnˈhɪrəntli/,"본디, 타고나서, 본질적으로",Some tasks are inherently dangerous no matter how careful you are.
disparage,/dɪˈspærɪdʒ/,폄하하다 <격식 있는 표현>,It's unfair to disparage her efforts when she tried so hard.
pouch,/paʊtʃ/,(캥거루 같은 동물의) 새끼 주머니,The kangaroo carried its tiny joey in her warm pouch.
secluded,/sɪˈkludɪd/,"한적한, 외딴, 외진, 외진 곳에 있는, 호젓한",They rented a secluded cabin far from the busy city.
hypnosis,/hɪpˈnoʊsɪs/,"최면, 최면 상태",She quit smoking after several sessions of hypnosis with a therapist.
landslide,/ˈlændˌslaɪd/,산사태,Heavy rains triggered a massive landslide that blocked the mountain road.
rabid,/ˈræbɪd/,광견병에 걸린,The rabid raccoon was foaming at the mouth near the barn.
premise,/ˈprɛmɪs/,(주장의) 전제 <격식 있는 표현>,His entire argument rests on a false premise.
abstain,/əbˈsteɪn/,"(~을) 자제하다, 삼가다",He decided to abstain from alcohol for the entire month.
premises,/ˈprɛmɪsɪz/,"부지, 지역, 구내",Smoking is strictly prohibited anywhere on the company premises.
take the coward's way out,,"자살하다, 극단적인 선택을 하다","Instead of facing his debts, he took the coward's way out."
portrait,/ˈpɔrtrɪt/,인물 사진 <특히 어깨 윗부분까지만 나온 사진>,The artist painted a striking portrait of the elderly woman.
sham,/ʃæm/,"가짜, 엉터리, 속임수, 야바위",The entire election turned out to be a complete sham.
pushover,/ˈpʊʃˌoʊvər/,"만만한 사람, 호락호락한 사람",Don't think the new manager is a pushover; she's tough.
leafy,/ˈlifi/,잎이 무성한,"They strolled down a quiet, leafy street in the suburbs."
therapeutic,/ˌθɛrəˈpjutɪk/,"치료상의, 치료법의",Many people find gardening deeply therapeutic after a stressful week.
immersive,/ɪˈmɜrsɪv/,"몰입형의, 에워싸는 듯한 <컴퓨터 시스템이나 영상이 3차원처럼 실감 나는>",The new video game offers a stunningly immersive virtual world.
venom,/ˈvɛnəm/,"(뱀 등의) 독, 독액",The snake's venom can be fatal without immediate treatment.
notwithstanding,/ˌnɑtwɪθˈstændɪŋ/,~에도 불구하고 <관련된 명사 뒤에 쓰이기도 함>,"Notwithstanding the bad weather, the outdoor concert went ahead."
shoddy,/ˈʃɑdi/,"부당한, 부정직한",The contractor did shoddy work and the roof soon leaked.
colloquial,/kəˈloʊkwiəl/,"(단어나 언어가) 구어의, 일상적인 대화체의",The textbook includes colloquial expressions used in everyday conversation.
drag,/dræɡ/,질질 끌리다,Her long coat began to drag along the muddy ground.
supercilious,/ˌsupərˈsɪliəs/,"거만한, 건방진, 남을 얕보는",The waiter gave us a supercilious look when we ordered water.
cut it,,"통하다, 먹히다, 먹어주다 <뭔가를 해 나가는 데 필요한 기준을 충족하다>","If you can't meet deadlines, you won't cut it here."
dispatch,/dɪˈspætʃ/,"(특별한 목적을 위해) ~을 보내다, 파견하다",The company will dispatch a technician to fix the problem tomorrow.
discord,/ˈdɪskɔrd/,"불화, 다툼 <격식>",Years of discord finally tore the once-close family apart.
come up,,(사람이 말을 하기 위해 누구에게) 다가오다,A stranger came up to me and asked for directions.
dire,/ˈdaɪər/,"엉망인, 형편없는, 수준 이하인 <비격식>",The service at that restaurant was absolutely dire last night.
discretion,/dɪˈskrɛʃən/,신중함,Please handle this sensitive matter with the utmost discretion.
summon,/ˈsʌmən/,"(감정, 생각, 용기 등을) 내다, 불러일으키다",She had to summon all her courage to speak publicly.
summon,/ˈsʌmən/,(회의를) 소집하다 (격식),The chairman decided to summon an emergency meeting of the board.
bustle,/ˈbʌsəl/,"바삐 움직이다, 서두르다",Waiters bustle around the crowded restaurant during the dinner rush.
mass,/mæs/,"대중, 일반 대중 <복수형으로 씀>",The politician's speech was designed to appeal to the masses.
pander,/ˈpændər/,(~에) 영합하다 <이득을 얻기 위해 상대가 원하는 것을 모두 들어주다>,Politicians often pander to voters just before an election.
inflammation,/ˌɪnfləˈmeɪʃən/,(신체 부위의) 염증,The doctor prescribed medicine to reduce the inflammation in his knee.
be of help,,"힘이 되다, 도움이 되다",Please let me know if I can be of help.
turf,/tɜrf/,"자기 지역, 근거지, 텃밭 <특정한 사람이나 그룹이 스스로의 영역으로 여기는 곳>",The gang fiercely defended its turf from rival groups.
way too,,"너무너무, 너무 심하게, 너무 과도하게, 너무 지나치게",This coffee is way too hot to drink right now.
clever,/ˈklɛvər/,"기발한, 재치 있는",She came up with a clever solution to the tricky puzzle.
conclusion,/kənˈkluʒən/,"(연설, 글 등의) 결말, 마무리 <주로 단수형으로 씀>",The essay's conclusion neatly summarized all the main arguments.
white oil,/waɪt ˌɔɪl/,"미네랄 오일 (무색·무취·무미의 광물성 기름, 제약·미용 등에 쓰임)",The pharmacist used white oil as a base for the ointment.
fetch,/fɛtʃ/,"(가서) 가지고 오다, 데리고 오다, 불러오다",Could you please fetch my glasses from the bedroom?
sanitary,/ˈsænɪˌtɛri/,"위생적인, 깨끗한",The kitchen must be kept sanitary to pass the health inspection.
as in,,"~에서처럼, ~에서 그렇듯, ~의 경우에서와 같이","I mean bass, as in the fish, not the instrument."
bar exam,/ˈbɑr ɪɡˌzæm/,변호사 자격 시험,She spent months studying to pass the difficult bar exam.
invaluable,/ɪnˈvæljəbəl/,"매우 유용한, 귀중한",Her advice proved invaluable during my first year of teaching.
fanatic,/fəˈnætɪk/,(~에) 광적인 사람,My brother is a total fitness fanatic who exercises daily.
crow,/kroʊ/,"(수탉이 특히 이른 새벽에) ""꼬끼오""하고 울다",The rooster began to crow loudly at the break of dawn.
keep a lid on ~,,"~을 비밀로 하다, ~을 감춰 두다",We need to keep a lid on these rumors for now.
sobriety,/səˈbraɪəti/,"술에 취하지 않은 상태, 맨 정신",He proudly celebrated one full year of sobriety last weekend.
teem with ~,,"(사람, 동물 등이) 바글거리다",The pond teems with frogs and fish every spring.
over here,,"이쪽으로, 여기에, 여기에서",Come over here so I can show you the map.
vicious,/ˈvɪʃəs/,"지독한, 극심한",She suffered a vicious headache that lasted the entire afternoon.
scope,/skoʊp/,"샅샅이 살피다, 자세히 살피다 (비격식)",Let me scope out the neighborhood before we decide to move.
pottery,/ˈpɑtəri/,도예,She took a pottery class to learn how to make bowls.
pacify,/ˈpæsɪˌfaɪ/,~에 평화를 가져오다,The troops were sent to pacify the war-torn region.
neutralize,/ˈnutrəˌlaɪz/,"제압하다, 무력화하다",Security guards quickly moved to neutralize the armed intruder.
spinning wheel,/ˈspɪnɪŋ ˌwil/,물레 (솜·털 등의 섬유를 자아서 실을 만드는 재래식 기구),Grandmother spun wool into thread on an old spinning wheel.
steep,/stip/,"너무 비싼, 터무니없는, 너무 높은 (비격식)",Twenty dollars for a single coffee seems a bit steep.
bargain,/ˈbɑrɡɪn/,"협상하다, 흥정하다",Tourists love to bargain with vendors at the local market.
fungal,/ˈfʌŋɡəl/,"균류에 의한, 곰팡이에 의한",The doctor diagnosed a fungal infection on his left foot.
remission,/rɪˈmɪʃən/,"(병의) 차도, 경감","After months of treatment, her cancer went into remission."
lawsuit,/ˈlɔˌsut/,"소송, 고소, 소송건 (주로 민사소송을 가리킴)",The company faced a costly lawsuit over the defective product.
finishing move,/ˈfɪnɪʃɪŋ ˌmuv/,(특히 일대일 전투 비디오 게임에서) 필살기,He defeated his opponent with a spectacular finishing move.
go forth,,"나가다, 출발하다 (비유적으로도 쓰임)",Go forth and share this message with the whole world.
break a leg!,,(공연 등에 앞서) 잘해! 행운을 빌어! (발표나 공연 등을 앞두고 하는 말),Break a leg tonight; I know your performance will be amazing!
tenacious,/təˈneɪʃəs/,"집요한, 완강한, 결연한, 끈기 있는",Her tenacious spirit helped her overcome every obstacle.
disability,/ˌdɪsəˈbɪləti/,"(신체적, 정신적) 장애",The building was redesigned to accommodate people with a disability.
unrest,/ʌnˈrɛst/,"(사회, 정치적인) 불안, 불만",Political unrest spread rapidly across the entire nation.
depose,/dɪˈpoʊz/,"물러나게 하다, 퇴위시키다, 폐위시키다",The rebels planned to depose the corrupt king.
proportion,/prəˈpɔrʃən/,"(전체의, 전체에서 차지하는) 부분, 비율",A large proportion of the students passed the final exam.
hold,/hoʊld/,"(대소변, 신체 분비물, 숨 등을) 참다",He could barely hold his breath underwater for a minute.
burn ~ to a crisp,,"새까맣게 태우다, 숯덩이로 만들다",I forgot the toast and burned it to a crisp.
acupuncture,/ˈækjʊˌpʌŋktʃər/,침술,She tried acupuncture to relieve her chronic back pain.
autism,/ˈɔˌtɪzəm/,자폐증,Early therapy can help children diagnosed with autism thrive.
trunk,/trʌŋk/,(코끼리의) 코,The elephant lifted the heavy log easily with its powerful trunk.
credential,/krɪˈdɛnʃəl/,"자격, 적격, 적성 (주로 복수형으로 씀)",Her impressive credentials made her the top candidate for the job.
cost an arm and a leg,,큰 돈이 들다,The designer handbag cost an arm and a leg.
flip,/flɪp/,"(기계의 버튼 등을) 탁 누르다, 탁 돌리다",Just flip the switch to turn on the ceiling light.
lay off,,"그만하다, 그만해! (목적어 없이 주로 누군가를 비난하거나 괴롭히는 것을 멈추라는 뜻)",Lay off him; he's already apologized for his mistake.
interrogate,/ɪnˈtɛrəˌɡeɪt/,"신문하다, 추궁하다",The detectives began to interrogate the suspect late that night.
sculptor,/ˈskʌlptər/,조각가,The famous sculptor carved the marble figure over many years.
farce,/fɑrs/,웃음거리,The trial quickly turned into a complete farce.
gasp,/ɡæsp/,"숨이 턱 막히다, 숨을 ""헉"" 하고 들이쉬다",The audience gasped when the magician vanished into thin air.
predation,/prɪˈdeɪʃən/,(동물의) 포식,Many small birds die from predation by hawks and owls.
stand a chance,,(~을 할) 가능성이 있다,Our team doesn't stand a chance against the champions.
tempted to ~,,"~하고 싶은, ~하도록 유혹당하는, 끌리는",I was tempted to skip work and stay in bed.
split the bill,,"(비용을) 각자 부담하다, 더치페이하다","After dinner, we decided to split the bill evenly."
misconception,/ˌmɪskənˈsɛpʃən/,오해,It's a common misconception that bats are completely blind.
involvement,/ɪnˈvɑlvmənt/,"관련, 관여, 개입, 연루",His involvement in the scandal ended his political career.
speaking of which,,말이 나왔으니 말인데,"Speaking of which, have you finished the report yet?"
reservation,/ˌrɛzərˈveɪʃən/,"(계획, 생각 등에 대한) 의구심",She had serious reservations about signing the risky contract.
demolition,/ˌdɛməˈlɪʃən/,"(건물의) 철거, 파괴",The old factory is scheduled for demolition next month.
dismiss,/dɪsˈmɪs/,"떨쳐 버리다, 머릿속에서 지워버리다",Try to dismiss those negative thoughts and focus on today.
lucky break,/ˈlʌki ˌbreɪk/,"행운, 운(運)",Landing that audition was a real lucky break for her.
aeronautics,/ˌɛrəˈnɔtɪks/,"항공학, 항공술",He studied aeronautics because he dreamed of designing airplanes.
forearm,/ˈfɔrˌɑrm/,팔뚝,He rolled up his sleeve to reveal a tattoo on his forearm.
ailment,/ˈeɪlmənt/,(그렇게 심각하지 않은) 질병,Grandpa complains about some minor ailment almost every week.
retaliate,/rɪˈtæliˌeɪt/,"보복하다, 앙갚음하다",The country threatened to retaliate against the sudden trade sanctions.
fussy,/ˈfʌsi/,"안달복달하는, 까다로운, 야단스런",My daughter is a fussy eater who refuses most vegetables.
revenue,/ˈrɛvəˌnu/,"(회사, 기관, 정부의) 매출, 수입, 세입 (회계에서는 매출액)",The company's annual revenue grew by twenty percent last year.
stay alert,,(~에 대해) 경계를 게을리하지 않다,Drivers must stay alert during long nighttime journeys.
to one's surprise,,놀랍게도,"To my surprise, the shy student gave a brilliant speech."
miss out,,(참석하지 못해 유익하거나 즐거운 것을) 놓치다,Don't miss out on the early-bird discount this weekend.
pay off,,"성공하다, 성과를 올리다, 결실을 보다",All her hard work finally began to pay off.
foreign affairs,/ˈfɔrɪn əˌfɛrz/,"대외 문제, 국제 관계",He was appointed the new minister of foreign affairs.
flay,/fleɪ/,"껍질을 벗기다, 가죽을 벗기다",The hunters would flay the animal before preparing the meat.
rampant,/ˈræmpənt/,"걷잡을 수 없는, 만연하는, 횡행하는",Corruption was rampant throughout the entire government.
perpetually,/pərˈpɛtʃuəli/,"끊임없이, 영구히, 영속적으로",He seems perpetually tired despite sleeping eight hours a night.
extravagance,/ɪkˈstrævəɡəns/,"사치, 사치품",A weekend spa trip felt like an unaffordable extravagance.
bruise,/bruz/,"멍, 타박상",She noticed a large purple bruise on her shin.
avoid ~ like the plague,,~를 기를 쓰고 피하다,He avoids crowded parties like the plague.
content,/kənˈtɛnt/,(자기가 가진 것에) 만족하는,"She felt perfectly content with her simple, quiet life."
erupt,/ɪˈrʌpt/,"(화산, 용암 등이) 분출하다",Scientists warned that the volcano could erupt at any moment.
go out with ~,,"사귀다, 데이트하다",She's been going out with her classmate for three months.
captivity,/kæpˈtɪvəti/,"감금, 억류",The rescued tiger had spent its whole life in captivity.
lava,/ˈlɑvə/,용암,Molten lava flowed down the mountainside toward the village.
pedigree,/ˈpɛdɪˌɡri/,"(사람의) 가계, 가문, 혈통",He comes from a long pedigree of respected scholars.
dispensable,/dɪˈspɛnsəbəl/,"없어도 되는, 불필요한","In a crisis, luxuries suddenly become entirely dispensable."
gag,/ɡæɡ/,(~을) 토할 것 같다,The awful smell made her gag as she opened the fridge.
linger,/ˈlɪŋɡər/,"(예상보다 오래) 남다, 계속되다",The smell of fresh coffee seemed to linger all morning.
dashing,/ˈdæʃɪŋ/,"(물건이) 멋진, 근사한",He wore a dashing new suit to the wedding.
consensual,/kənˈsɛnʃuəl/,"(성관계 등이) 합의한, 합의에 의한",The law clearly distinguishes consensual relationships from coercion.
go on ~ing,,(뭔가를 멈추지 않고) 계속하다,She went on talking for hours without noticing the time.
discard,/dɪˈskɑrd/,"(불필요한 것을) 버리다, 폐기하다 (격식 있는 표현)",Please discard any food that has passed its expiration date.
upcycle,/ˈʌpˌsaɪkəl/,"업사이클 하다, 새활용 하다 (버려지는 물건을 완전히 새로운 것으로 재탄생시킴)",She loves to upcycle old jeans into stylish handbags.
stable,/ˈsteɪbəl/,마구간,The farmer led the tired horse back into the stable.
national anthem,/ˈnæʃənəl ˈænθəm/,국가(國歌),The crowd stood and sang the national anthem before the match.
camouflage,/ˈkæməˌflɑʒ/,"위장하다, 감추다",The soldiers used leaves and mud to camouflage their position.
tragic,/ˈtrædʒɪk/,"(사건, 상황 등이) 비극적인",The tragic accident claimed the lives of three young people.
